Date,DateDifferentFormat,Plant,Num_Workers_Direct,Num_Workers_Indirect,Labor_Costs_Direct,Labor_Costs_Indirect,Output,RawMaterial_Used
12/31/2005,31-Dec-2005,Mexico,18,20,8640,8000,0.045990,0.055188
1/1/2006,1-Jan-2006,Mexico,17,18,8160,7200,0.042375,0.050850
1/2/2006,2-Jan-2006,Mexico,16,19,7680,7600,0.042395,0.050874
1/3/2006,3-Jan-2006,Mexico,15,22,7200,8800,0.044813,0.053776
1/4/2006,4-Jan-2006,Mexico,16,21,7680,8400,0.044809,0.053771
1/5/2006,5-Jan-2006,Mexico,19,25,9120,10000,0.053293,0.063952
1/6/2006,6-Jan-2006,Mexico,20,19,9600,7600,0.047203,0.056644
1/7/2006,7-Jan-2006,Mexico,20,18,9600,7200,0.046001,0.055201
1/8/2006,8-Jan-2006,Mexico,20,23,9600,9200,0.052028,0.062434
1/9/2006,9-Jan-2006,Mexico,17,21,8160,8400,0.046024,0.055228
1/10/2006,10-Jan-2006,Mexico,19,20,9120,8000,0.047235,0.056682
1/11/2006,11-Jan-2006,Mexico,18,21,8640,8400,0.047233,0.056680
1/12/2006,12-Jan-2006,Mexico,16,19,7680,7600,0.042363,0.050835
1/13/2006,13-Jan-2006,Mexico,16,19,7680,7600,0.042395,0.050874
1/14/2006,14-Jan-2006,Mexico,18,19,8640,7600,0.044783,0.053740
1/15/2006,15-Jan-2006,Mexico,15,18,7200,7200,0.039929,0.047915
1/16/2006,16-Jan-2006,Mexico,16,23,7680,9200,0.047224,0.056668
1/17/2006,17-Jan-2006,Mexico,17,22,8160,8800,0.047231,0.056678
1/18/2006,18-Jan-2006,Mexico,18,19,8640,7600,0.044810,0.053772
1/19/2006,19-Jan-2006,Mexico,18,25,8640,10000,0.052082,0.062498
1/20/2006,20-Jan-2006,Mexico,15,23,7200,9200,0.045982,0.055178
1/21/2006,21-Jan-2006,Mexico,19,19,9120,7600,0.046012,0.055214
1/22/2006,22-Jan-2006,Mexico,16,21,7680,8400,0.044806,0.053768
1/23/2006,23-Jan-2006,Mexico,16,21,7680,8400,0.044812,0.053774
1/24/2006,24-Jan-2006,Mexico,15,21,7200,8400,0.043559,0.052270
1/25/2006,25-Jan-2006,Mexico,18,23,8640,9200,0.049656,0.059587
1/26/2006,26-Jan-2006,Mexico,18,20,8640,8000,0.046000,0.055199
1/27/2006,27-Jan-2006,Mexico,19,24,9120,9600,0.052072,0.062487
1/28/2006,28-Jan-2006,Mexico,16,20,7680,8000,0.043599,0.052319
1/29/2006,29-Jan-2006,Mexico,17,20,8160,8000,0.044795,0.053754
1/30/2006,30-Jan-2006,Mexico,18,24,8640,9600,0.050864,0.061037
1/31/2006,31-Jan-2006,Mexico,15,21,7200,8400,0.043567,0.052280
2/1/2006,1-Feb-2006,Mexico,20,22,9600,8800,0.050844,0.061013
2/2/2006,2-Feb-2006,Mexico,17,23,8160,9200,0.048447,0.058136
2/3/2006,3-Feb-2006,Mexico,18,25,8640,10000,0.052086,0.062503
2/4/2006,4-Feb-2006,Mexico,17,18,8160,7200,0.042361,0.050833
2/5/2006,5-Feb-2006,Mexico,19,24,9120,9600,0.052080,0.062496
2/6/2006,6-Feb-2006,Mexico,19,20,9120,8000,0.047236,0.056683
2/7/2006,7-Feb-2006,Mexico,20,18,9600,7200,0.045996,0.055195
2/8/2006,8-Feb-2006,Mexico,18,22,8640,8800,0.048412,0.058094
2/9/2006,9-Feb-2006,Mexico,16,23,7680,9200,0.047221,0.056665
2/10/2006,10-Feb-2006,Mexico,18,25,8640,10000,0.052057,0.062468
2/11/2006,11-Feb-2006,Mexico,16,21,7680,8400,0.044780,0.053736
2/12/2006,12-Feb-2006,Mexico,17,18,8160,7200,0.042384,0.050861
2/13/2006,13-Feb-2006,Mexico,18,25,8640,10000,0.052080,0.062497
2/14/2006,14-Feb-2006,Mexico,19,24,9120,9600,0.052034,0.062440
2/15/2006,15-Feb-2006,Mexico,15,24,7200,9600,0.047214,0.056657
2/16/2006,16-Feb-2006,Mexico,19,19,9120,7600,0.046026,0.055231
2/17/2006,17-Feb-2006,Mexico,18,25,8640,10000,0.052079,0.062495
2/18/2006,18-Feb-2006,Mexico,18,24,8640,9600,0.050871,0.061045
2/19/2006,19-Feb-2006,Mexico,17,24,8160,9600,0.049645,0.059575
2/20/2006,20-Feb-2006,Mexico,16,18,7680,7200,0.041174,0.049409
2/21/2006,21-Feb-2006,Mexico,15,22,7200,8800,0.044775,0.053730
2/22/2006,22-Feb-2006,Mexico,20,20,9600,8000,0.048440,0.058128
2/23/2006,23-Feb-2006,Mexico,20,18,9600,7200,0.046008,0.055210
2/24/2006,24-Feb-2006,Mexico,17,25,8160,10000,0.050861,0.061034
2/25/2006,25-Feb-2006,Mexico,15,19,7200,7600,0.041144,0.049373
2/26/2006,26-Feb-2006,Mexico,19,22,9120,8800,0.049609,0.059530
2/27/2006,27-Feb-2006,Mexico,17,23,8160,9200,0.048450,0.058140
2/28/2006,28-Feb-2006,Mexico,15,24,7200,9600,0.047233,0.056680
3/1/2006,1-Mar-2006,Mexico,19,23,9120,9200,0.050846,0.061016
3/2/2006,2-Mar-2006,Mexico,20,25,9600,10000,0.054506,0.065408
3/3/2006,3-Mar-2006,Mexico,15,20,7200,8000,0.042367,0.050841
3/4/2006,4-Mar-2006,Mexico,17,20,8160,8000,0.044815,0.053778
3/5/2006,5-Mar-2006,Mexico,18,21,8640,8400,0.047217,0.056660
3/6/2006,6-Mar-2006,Mexico,15,23,7200,9200,0.046017,0.055220
3/7/2006,7-Mar-2006,Mexico,18,22,8640,8800,0.048447,0.058136
3/8/2006,8-Mar-2006,Mexico,17,22,8160,8800,0.047228,0.056673
3/9/2006,9-Mar-2006,Mexico,17,18,8160,7200,0.042390,0.050868
3/10/2006,10-Mar-2006,Mexico,15,20,7200,8000,0.042393,0.050872
3/11/2006,11-Mar-2006,Mexico,16,25,7680,10000,0.049642,0.059570
3/12/2006,12-Mar-2006,Mexico,20,19,9600,7600,0.047206,0.056647
3/13/2006,13-Mar-2006,Mexico,20,20,9600,8000,0.048402,0.058083
3/14/2006,14-Mar-2006,Mexico,19,22,9120,8800,0.049660,0.059592
3/15/2006,15-Mar-2006,Mexico,19,23,9120,9200,0.050844,0.061013
3/16/2006,16-Mar-2006,Mexico,16,25,7680,10000,0.049633,0.059559
3/17/2006,17-Mar-2006,Mexico,16,21,7680,8400,0.044792,0.053750
3/18/2006,18-Mar-2006,Mexico,20,21,9600,8400,0.049659,0.059591
3/19/2006,19-Mar-2006,Mexico,15,19,7200,7600,0.041168,0.049402
3/20/2006,20-Mar-2006,Mexico,20,23,9600,9200,0.052074,0.062489
3/21/2006,21-Mar-2006,Mexico,17,19,8160,7600,0.043587,0.052305
3/22/2006,22-Mar-2006,Mexico,18,22,8640,8800,0.048419,0.058103
3/23/2006,23-Mar-2006,Mexico,17,20,8160,8000,0.044792,0.053751
3/24/2006,24-Mar-2006,Mexico,18,22,8640,8800,0.048437,0.058124
3/25/2006,25-Mar-2006,Mexico,15,23,7200,9200,0.045999,0.055199
3/26/2006,26-Mar-2006,Mexico,16,25,7680,10000,0.049663,0.059596
3/27/2006,27-Mar-2006,Mexico,16,22,7680,8800,0.046005,0.055206
3/28/2006,28-Mar-2006,Mexico,16,19,7680,7600,0.042379,0.050855
3/29/2006,29-Mar-2006,Mexico,17,24,8160,9600,0.049646,0.059576
3/30/2006,30-Mar-2006,Mexico,19,18,9120,7200,0.044803,0.053764
3/31/2006,31-Mar-2006,Mexico,15,25,7200,10000,0.048451,0.058141
4/1/2006,1-Apr-2006,Mexico,20,19,9600,7600,0.047210,0.056652
4/2/2006,2-Apr-2006,Mexico,15,21,7200,8400,0.043584,0.052301
4/3/2006,3-Apr-2006,Mexico,18,25,8640,10000,0.052076,0.062491
4/4/2006,4-Apr-2006,Mexico,18,22,8640,8800,0.048437,0.058124
4/5/2006,5-Apr-2006,Mexico,20,22,9600,8800,0.050862,0.061034
4/6/2006,6-Apr-2006,Mexico,15,18,7200,7200,0.039971,0.047965
4/7/2006,7-Apr-2006,Mexico,20,19,9600,7600,0.047204,0.056644
4/8/2006,8-Apr-2006,Mexico,15,18,7200,7200,0.039936,0.047924
4/9/2006,9-Apr-2006,Mexico,18,24,8640,9600,0.050867,0.061040
4/10/2006,10-Apr-2006,Mexico,15,21,7200,8400,0.043604,0.052324
4/11/2006,11-Apr-2006,Mexico,17,24,8160,9600,0.049617,0.059541
4/12/2006,12-Apr-2006,Mexico,20,18,9600,7200,0.046002,0.055202
4/13/2006,13-Apr-2006,Mexico,20,19,9600,7600,0.047209,0.056651
4/14/2006,14-Apr-2006,Mexico,18,18,8640,7200,0.043571,0.052285
4/15/2006,15-Apr-2006,Mexico,17,20,8160,8000,0.044796,0.053755
4/16/2006,16-Apr-2006,Mexico,18,20,8640,8000,0.046028,0.055234
4/17/2006,17-Apr-2006,Mexico,19,25,9120,10000,0.053285,0.063942
4/18/2006,18-Apr-2006,Mexico,20,22,9600,8800,0.050823,0.060988
4/19/2006,19-Apr-2006,Mexico,18,24,8640,9600,0.050867,0.061041
4/20/2006,20-Apr-2006,Mexico,18,23,8640,9200,0.049650,0.059580
4/21/2006,21-Apr-2006,Mexico,15,24,7200,9600,0.047233,0.056680
4/22/2006,22-Apr-2006,Mexico,17,18,8160,7200,0.042385,0.050862
4/23/2006,23-Apr-2006,Mexico,15,21,7200,8400,0.043606,0.052328
4/24/2006,24-Apr-2006,Mexico,18,18,8640,7200,0.043565,0.052278
4/25/2006,25-Apr-2006,Mexico,15,20,7200,8000,0.042361,0.050833
4/26/2006,26-Apr-2006,Mexico,17,21,8160,8400,0.045991,0.055189
4/27/2006,27-Apr-2006,Mexico,17,25,8160,10000,0.050858,0.061029
4/28/2006,28-Apr-2006,Mexico,16,19,7680,7600,0.042394,0.050872
4/29/2006,29-Apr-2006,Mexico,20,20,9600,8000,0.048422,0.058107
4/30/2006,30-Apr-2006,Mexico,19,20,9120,8000,0.047221,0.056666
5/1/2006,1-May-2006,Mexico,17,24,8160,9600,0.049631,0.059557
5/2/2006,2-May-2006,Mexico,15,19,7200,7600,0.041160,0.049392
5/3/2006,3-May-2006,Mexico,19,19,9120,7600,0.045988,0.055186
5/4/2006,4-May-2006,Mexico,18,22,8640,8800,0.048416,0.058100
5/5/2006,5-May-2006,Mexico,17,23,8160,9200,0.048429,0.058115
5/6/2006,6-May-2006,Mexico,19,21,9120,8400,0.048447,0.058136
5/7/2006,7-May-2006,Mexico,17,22,8160,8800,0.047193,0.056632
5/8/2006,8-May-2006,Mexico,18,23,8640,9200,0.049615,0.059538
5/9/2006,9-May-2006,Mexico,15,23,7200,9200,0.046023,0.055227
5/10/2006,10-May-2006,Mexico,17,20,8160,8000,0.044778,0.053734
5/11/2006,11-May-2006,Mexico,20,19,9600,7600,0.047198,0.056638
5/12/2006,12-May-2006,Mexico,19,23,9120,9200,0.050854,0.061024
5/13/2006,13-May-2006,Mexico,16,18,7680,7200,0.041169,0.049403
5/14/2006,14-May-2006,Mexico,18,20,8640,8000,0.045994,0.055193
5/15/2006,15-May-2006,Mexico,15,21,7200,8400,0.043564,0.052277
5/16/2006,16-May-2006,Mexico,18,19,8640,7600,0.044810,0.053772
5/17/2006,17-May-2006,Mexico,20,24,9600,9600,0.053264,0.063917
5/18/2006,18-May-2006,Mexico,18,18,8640,7200,0.043596,0.052316
5/19/2006,19-May-2006,Mexico,17,19,8160,7600,0.043588,0.052306
5/20/2006,20-May-2006,Mexico,20,22,9600,8800,0.050868,0.061041
5/21/2006,21-May-2006,Mexico,20,25,9600,10000,0.054501,0.065401
5/22/2006,22-May-2006,Mexico,19,19,9120,7600,0.046026,0.055231
5/23/2006,23-May-2006,Mexico,16,23,7680,9200,0.047190,0.056628
5/24/2006,24-May-2006,Mexico,17,18,8160,7200,0.042361,0.050833
5/25/2006,25-May-2006,Mexico,18,24,8640,9600,0.050858,0.061030
5/26/2006,26-May-2006,Mexico,17,19,8160,7600,0.043602,0.052322
5/27/2006,27-May-2006,Mexico,15,18,7200,7200,0.039967,0.047960
5/28/2006,28-May-2006,Mexico,18,19,8640,7600,0.044774,0.053728
5/29/2006,29-May-2006,Mexico,17,22,8160,8800,0.047222,0.056666
5/30/2006,30-May-2006,Mexico,18,24,8640,9600,0.050869,0.061042
5/31/2006,31-May-2006,Mexico,15,24,7200,9600,0.047225,0.056670
6/1/2006,1-Jun-2006,Mexico,16,18,7680,7200,0.041171,0.049406
6/2/2006,2-Jun-2006,Mexico,17,25,8160,10000,0.050861,0.061033
6/3/2006,3-Jun-2006,Mexico,16,18,7680,7200,0.041166,0.049399
6/4/2006,4-Jun-2006,Mexico,18,19,8640,7600,0.044797,0.053756
6/5/2006,5-Jun-2006,Mexico,20,18,9600,7200,0.045980,0.055175
6/6/2006,6-Jun-2006,Mexico,17,23,8160,9200,0.048438,0.058125
6/7/2006,7-Jun-2006,Mexico,16,18,7680,7200,0.041175,0.049410
6/8/2006,8-Jun-2006,Mexico,17,18,8160,7200,0.042379,0.050855
6/9/2006,9-Jun-2006,Mexico,16,23,7680,9200,0.047223,0.056668
6/10/2006,10-Jun-2006,Mexico,20,25,9600,10000,0.054473,0.065368
6/11/2006,11-Jun-2006,Mexico,17,22,8160,8800,0.047239,0.056687
6/12/2006,12-Jun-2006,Mexico,20,19,9600,7600,0.047239,0.056687
6/13/2006,13-Jun-2006,Mexico,20,21,9600,8400,0.049643,0.059571
6/14/2006,14-Jun-2006,Mexico,18,18,8640,7200,0.043568,0.052282
6/15/2006,15-Jun-2006,Mexico,16,21,7680,8400,0.044782,0.053738
6/16/2006,16-Jun-2006,Mexico,16,19,7680,7600,0.042381,0.050857
6/17/2006,17-Jun-2006,Mexico,19,23,9120,9200,0.050875,0.061050
6/18/2006,18-Jun-2006,Mexico,18,18,8640,7200,0.043594,0.052312
6/19/2006,19-Jun-2006,Mexico,15,24,7200,9600,0.047201,0.056641
6/20/2006,20-Jun-2006,Mexico,19,24,9120,9600,0.052047,0.062456
6/21/2006,21-Jun-2006,Mexico,16,18,7680,7200,0.041174,0.049409
6/22/2006,22-Jun-2006,Mexico,19,24,9120,9600,0.052045,0.062453
6/23/2006,23-Jun-2006,Mexico,20,18,9600,7200,0.046006,0.055207
6/24/2006,24-Jun-2006,Mexico,19,24,9120,9600,0.052077,0.062493
6/25/2006,25-Jun-2006,Mexico,16,24,7680,9600,0.048440,0.058129
6/26/2006,26-Jun-2006,Mexico,17,21,8160,8400,0.046028,0.055233
6/27/2006,27-Jun-2006,Mexico,15,25,7200,10000,0.048452,0.058142
6/28/2006,28-Jun-2006,Mexico,15,24,7200,9600,0.047190,0.056628
6/29/2006,29-Jun-2006,Mexico,18,18,8640,7200,0.043597,0.052316
6/30/2006,30-Jun-2006,Mexico,17,23,8160,9200,0.048437,0.058124
7/1/2006,1-Jul-2006,Mexico,16,22,7680,8800,0.045990,0.055187
7/2/2006,2-Jul-2006,Mexico,18,25,8640,10000,0.052084,0.062501
7/3/2006,3-Jul-2006,Mexico,16,25,7680,10000,0.049656,0.059587
7/4/2006,4-Jul-2006,Mexico,18,23,8640,9200,0.049630,0.059556
7/5/2006,5-Jul-2006,Mexico,18,23,8640,9200,0.049629,0.059555
7/6/2006,6-Jul-2006,Mexico,19,19,9120,7600,0.046004,0.055205
7/7/2006,7-Jul-2006,Mexico,17,25,8160,10000,0.050832,0.060998
7/8/2006,8-Jul-2006,Mexico,17,21,8160,8400,0.046001,0.055201
7/9/2006,9-Jul-2006,Mexico,15,18,7200,7200,0.039931,0.047917
7/10/2006,10-Jul-2006,Mexico,18,22,8640,8800,0.048421,0.058105
7/11/2006,11-Jul-2006,Mexico,15,23,7200,9200,0.046011,0.055213
7/12/2006,12-Jul-2006,Mexico,19,24,9120,9600,0.052084,0.062501
7/13/2006,13-Jul-2006,Mexico,16,18,7680,7200,0.041181,0.049417
7/14/2006,14-Jul-2006,Mexico,19,25,9120,10000,0.053287,0.063945
7/15/2006,15-Jul-2006,Mexico,18,25,8640,10000,0.052028,0.062434
7/16/2006,16-Jul-2006,Mexico,15,19,7200,7600,0.041178,0.049413
7/17/2006,17-Jul-2006,Mexico,17,20,8160,8000,0.044801,0.053761
7/18/2006,18-Jul-2006,Mexico,15,25,7200,10000,0.048413,0.058095
7/19/2006,19-Jul-2006,Mexico,15,22,7200,8800,0.044782,0.053739
7/20/2006,20-Jul-2006,Mexico,16,19,7680,7600,0.042392,0.050870
7/21/2006,21-Jul-2006,Mexico,15,18,7200,7200,0.039950,0.047940
7/22/2006,22-Jul-2006,Mexico,18,22,8640,8800,0.048436,0.058124
7/23/2006,23-Jul-2006,Mexico,15,24,7200,9600,0.047238,0.056686
7/24/2006,24-Jul-2006,Mexico,20,23,9600,9200,0.052082,0.062498
7/25/2006,25-Jul-2006,Mexico,15,23,7200,9200,0.046020,0.055224
7/26/2006,26-Jul-2006,Mexico,20,23,9600,9200,0.052080,0.062496
7/27/2006,27-Jul-2006,Mexico,17,24,8160,9600,0.049641,0.059569
7/28/2006,28-Jul-2006,Mexico,20,19,9600,7600,0.047239,0.056687
7/29/2006,29-Jul-2006,Mexico,16,23,7680,9200,0.047226,0.056671
7/30/2006,30-Jul-2006,Mexico,18,20,8640,8000,0.046020,0.055224
7/31/2006,31-Jul-2006,Mexico,16,21,7680,8400,0.044787,0.053745
8/1/2006,1-Aug-2006,Mexico,15,22,7200,8800,0.044816,0.053780
8/2/2006,2-Aug-2006,Mexico,15,25,7200,10000,0.048431,0.058117
8/3/2006,3-Aug-2006,Mexico,16,23,7680,9200,0.047226,0.056672
8/4/2006,4-Aug-2006,Mexico,19,19,9120,7600,0.046014,0.055216
8/5/2006,5-Aug-2006,Mexico,20,20,9600,8000,0.048437,0.058125
8/6/2006,6-Aug-2006,Mexico,16,25,7680,10000,0.049655,0.059586
8/7/2006,7-Aug-2006,Mexico,19,25,9120,10000,0.053290,0.063949
8/8/2006,8-Aug-2006,Mexico,19,24,9120,9600,0.052082,0.062498
8/9/2006,9-Aug-2006,Mexico,16,19,7680,7600,0.042365,0.050838
8/10/2006,10-Aug-2006,Mexico,18,20,8640,8000,0.046027,0.055232
8/11/2006,11-Aug-2006,Mexico,16,25,7680,10000,0.049664,0.059596
8/12/2006,12-Aug-2006,Mexico,17,24,8160,9600,0.049649,0.059579
8/13/2006,13-Aug-2006,Mexico,17,21,8160,8400,0.046005,0.055206
8/14/2006,14-Aug-2006,Mexico,17,21,8160,8400,0.046010,0.055212
8/15/2006,15-Aug-2006,Mexico,18,25,8640,10000,0.052086,0.062503
8/16/2006,16-Aug-2006,Mexico,17,18,8160,7200,0.042384,0.050860
8/17/2006,17-Aug-2006,Mexico,17,20,8160,8000,0.044816,0.053779
8/18/2006,18-Aug-2006,Mexico,15,24,7200,9600,0.047218,0.056661
8/19/2006,19-Aug-2006,Mexico,16,23,7680,9200,0.047238,0.056686
8/20/2006,20-Aug-2006,Mexico,16,22,7680,8800,0.046011,0.055213
8/21/2006,21-Aug-2006,Mexico,19,18,9120,7200,0.044816,0.053779
8/22/2006,22-Aug-2006,Mexico,20,24,9600,9600,0.053295,0.063954
8/23/2006,23-Aug-2006,Mexico,15,18,7200,7200,0.039932,0.047918
8/24/2006,24-Aug-2006,Mexico,16,21,7680,8400,0.044817,0.053780
8/25/2006,25-Aug-2006,Mexico,17,24,8160,9600,0.049611,0.059533
8/26/2006,26-Aug-2006,Mexico,19,20,9120,8000,0.047201,0.056642
8/27/2006,27-Aug-2006,Mexico,17,20,8160,8000,0.044815,0.053778
8/28/2006,28-Aug-2006,Mexico,16,18,7680,7200,0.041143,0.049371
8/29/2006,29-Aug-2006,Mexico,18,19,8640,7600,0.044808,0.053769
8/30/2006,30-Aug-2006,Mexico,18,21,8640,8400,0.047224,0.056669
8/31/2006,31-Aug-2006,Mexico,20,20,9600,8000,0.048432,0.058118
9/1/2006,1-Sep-2006,Mexico,19,20,9120,8000,0.047216,0.056659
9/2/2006,2-Sep-2006,Mexico,20,23,9600,9200,0.052058,0.062469
9/3/2006,3-Sep-2006,Mexico,15,22,7200,8800,0.044814,0.053777
9/4/2006,4-Sep-2006,Mexico,16,23,7680,9200,0.047200,0.056640
9/5/2006,5-Sep-2006,Mexico,19,25,9120,10000,0.053293,0.063951
9/6/2006,6-Sep-2006,Mexico,18,22,8640,8800,0.048443,0.058132
9/7/2006,7-Sep-2006,Mexico,15,18,7200,7200,0.039940,0.047928
9/8/2006,8-Sep-2006,Mexico,16,19,7680,7600,0.042381,0.050858
9/9/2006,9-Sep-2006,Mexico,15,21,7200,8400,0.043604,0.052325
9/10/2006,10-Sep-2006,Mexico,19,21,9120,8400,0.048427,0.058113
9/11/2006,11-Sep-2006,Mexico,20,18,9600,7200,0.046022,0.055226
9/12/2006,12-Sep-2006,Mexico,17,19,8160,7600,0.043582,0.052298
9/13/2006,13-Sep-2006,Mexico,15,19,7200,7600,0.041143,0.049371
9/14/2006,14-Sep-2006,Mexico,20,18,9600,7200,0.046000,0.055200
9/15/2006,15-Sep-2006,Mexico,18,18,8640,7200,0.043574,0.052289
9/16/2006,16-Sep-2006,Mexico,15,20,7200,8000,0.042389,0.050867
9/17/2006,17-Sep-2006,Mexico,18,20,8640,8000,0.045993,0.055191
9/18/2006,18-Sep-2006,Mexico,16,20,7680,8000,0.043600,0.052320
9/19/2006,19-Sep-2006,Mexico,20,21,9600,8400,0.049657,0.059588
9/20/2006,20-Sep-2006,Mexico,20,19,9600,7600,0.047238,0.056686
9/21/2006,21-Sep-2006,Mexico,15,24,7200,9600,0.047239,0.056687
9/22/2006,22-Sep-2006,Mexico,20,19,9600,7600,0.047198,0.056638
9/23/2006,23-Sep-2006,Mexico,15,24,7200,9600,0.047215,0.056658
9/24/2006,24-Sep-2006,Mexico,18,20,8640,8000,0.045983,0.055179
9/25/2006,25-Sep-2006,Mexico,18,18,8640,7200,0.043606,0.052327
9/26/2006,26-Sep-2006,Mexico,19,20,9120,8000,0.047234,0.056681
9/27/2006,27-Sep-2006,Mexico,17,18,8160,7200,0.042387,0.050864
9/28/2006,28-Sep-2006,Mexico,19,21,9120,8400,0.048447,0.058136
9/29/2006,29-Sep-2006,Mexico,16,19,7680,7600,0.042389,0.050867
9/30/2006,30-Sep-2006,Mexico,18,24,8640,9600,0.050856,0.061027
10/1/2006,1-Oct-2006,Mexico,17,24,8160,9600,0.049644,0.059573
10/2/2006,2-Oct-2006,Mexico,16,21,7680,8400,0.044816,0.053779
10/3/2006,3-Oct-2006,Mexico,20,22,9600,8800,0.050860,0.061032
10/4/2006,4-Oct-2006,Mexico,15,23,7200,9200,0.046019,0.055223
10/5/2006,5-Oct-2006,Mexico,19,19,9120,7600,0.046020,0.055225
10/6/2006,6-Oct-2006,Mexico,20,19,9600,7600,0.047195,0.056635
10/7/2006,7-Oct-2006,Mexico,17,23,8160,9200,0.048447,0.058136
10/8/2006,8-Oct-2006,Mexico,20,18,9600,7200,0.046026,0.055231
10/9/2006,9-Oct-2006,Mexico,15,18,7200,7200,0.039954,0.047945
10/10/2006,10-Oct-2006,Mexico,20,19,9600,7600,0.047240,0.056689
10/11/2006,11-Oct-2006,Mexico,16,20,7680,8000,0.043606,0.052327
10/12/2006,12-Oct-2006,Mexico,19,19,9120,7600,0.046021,0.055225
10/13/2006,13-Oct-2006,Mexico,18,19,8640,7600,0.044785,0.053742
10/14/2006,14-Oct-2006,Mexico,16,25,7680,10000,0.049658,0.059590
10/15/2006,15-Oct-2006,Mexico,17,19,8160,7600,0.043594,0.052313
10/16/2006,16-Oct-2006,Mexico,18,20,8640,8000,0.046030,0.055236
10/17/2006,17-Oct-2006,Mexico,17,22,8160,8800,0.047219,0.056662
10/18/2006,18-Oct-2006,Mexico,15,22,7200,8800,0.044817,0.053780
10/19/2006,19-Oct-2006,Mexico,20,19,9600,7600,0.047221,0.056665
10/20/2006,20-Oct-2006,Mexico,15,20,7200,8000,0.042390,0.050868
10/21/2006,21-Oct-2006,Mexico,18,23,8640,9200,0.049655,0.059586
10/22/2006,22-Oct-2006,Mexico,17,22,8160,8800,0.047220,0.056664
10/23/2006,23-Oct-2006,Mexico,20,20,9600,8000,0.048431,0.058117
10/24/2006,24-Oct-2006,Mexico,19,20,9120,8000,0.047201,0.056641
10/25/2006,25-Oct-2006,Mexico,17,25,8160,10000,0.050847,0.061016
10/26/2006,26-Oct-2006,Mexico,20,22,9600,8800,0.050873,0.061048
10/27/2006,27-Oct-2006,Mexico,17,23,8160,9200,0.048408,0.058089
10/28/2006,28-Oct-2006,Mexico,18,24,8640,9600,0.050833,0.060999
10/29/2006,29-Oct-2006,Mexico,19,24,9120,9600,0.052041,0.062450
10/30/2006,30-Oct-2006,Mexico,16,20,7680,8000,0.043565,0.052278
10/31/2006,31-Oct-2006,Mexico,19,22,9120,8800,0.049633,0.059560
11/1/2006,1-Nov-2006,Mexico,16,21,7680,8400,0.044806,0.053767
11/2/2006,2-Nov-2006,Mexico,20,22,9600,8800,0.050863,0.061036
11/3/2006,3-Nov-2006,Mexico,17,24,8160,9600,0.049659,0.059591
11/4/2006,4-Nov-2006,Mexico,16,24,7680,9600,0.048449,0.058138
11/5/2006,5-Nov-2006,Mexico,19,22,9120,8800,0.049646,0.059575
11/6/2006,6-Nov-2006,Mexico,18,24,8640,9600,0.050826,0.060991
11/7/2006,7-Nov-2006,Mexico,16,20,7680,8000,0.043573,0.052288
11/8/2006,8-Nov-2006,Mexico,20,22,9600,8800,0.050843,0.061011
11/9/2006,9-Nov-2006,Mexico,18,24,8640,9600,0.050864,0.061037
11/10/2006,10-Nov-2006,Mexico,19,24,9120,9600,0.052066,0.062479
11/11/2006,11-Nov-2006,Mexico,20,18,9600,7200,0.046016,0.055219
11/12/2006,12-Nov-2006,Mexico,17,22,8160,8800,0.047240,0.056688
11/13/2006,13-Nov-2006,Mexico,15,18,7200,7200,0.039970,0.047965
11/14/2006,14-Nov-2006,Mexico,18,23,8640,9200,0.049664,0.059596
11/15/2006,15-Nov-2006,Mexico,20,24,9600,9600,0.053296,0.063955
11/16/2006,16-Nov-2006,Mexico,18,22,8640,8800,0.048400,0.058080
11/17/2006,17-Nov-2006,Mexico,18,19,8640,7600,0.044787,0.053744
11/18/2006,18-Nov-2006,Mexico,19,20,9120,8000,0.047203,0.056644
11/19/2006,19-Nov-2006,Mexico,15,18,7200,7200,0.039964,0.047957
11/20/2006,20-Nov-2006,Mexico,19,22,9120,8800,0.049615,0.059537
11/21/2006,21-Nov-2006,Mexico,18,25,8640,10000,0.052040,0.062448
11/22/2006,22-Nov-2006,Mexico,17,24,8160,9600,0.049644,0.059573
11/23/2006,23-Nov-2006,Mexico,17,24,8160,9600,0.049648,0.059578
11/24/2006,24-Nov-2006,Mexico,18,18,8640,7200,0.043596,0.052315
11/25/2006,25-Nov-2006,Mexico,19,18,9120,7200,0.044817,0.053780
11/26/2006,26-Nov-2006,Mexico,18,18,8640,7200,0.043582,0.052298
11/27/2006,27-Nov-2006,Mexico,18,20,8640,8000,0.046005,0.055206
11/28/2006,28-Nov-2006,Mexico,16,22,7680,8800,0.046014,0.055217
11/29/2006,29-Nov-2006,Mexico,15,23,7200,9200,0.046012,0.055214
11/30/2006,30-Nov-2006,Mexico,19,21,9120,8400,0.048445,0.058134
12/1/2006,1-Dec-2006,Mexico,20,19,9600,7600,0.047228,0.056673
12/2/2006,2-Dec-2006,Mexico,16,20,7680,8000,0.043587,0.052304
12/3/2006,3-Dec-2006,Mexico,20,24,9600,9600,0.053279,0.063934
12/4/2006,4-Dec-2006,Mexico,19,23,9120,9200,0.050872,0.061046
12/5/2006,5-Dec-2006,Mexico,19,20,9120,8000,0.047204,0.056644
12/6/2006,6-Dec-2006,Mexico,16,25,7680,10000,0.049662,0.059594
12/7/2006,7-Dec-2006,Mexico,15,24,7200,9600,0.047239,0.056686
12/8/2006,8-Dec-2006,Mexico,17,19,8160,7600,0.043598,0.052318
12/9/2006,9-Dec-2006,Mexico,16,25,7680,10000,0.049655,0.059586
12/10/2006,10-Dec-2006,Mexico,19,23,9120,9200,0.050869,0.061043
12/11/2006,11-Dec-2006,Mexico,19,18,9120,7200,0.044802,0.053763
12/12/2006,12-Dec-2006,Mexico,19,24,9120,9600,0.052085,0.062502
12/13/2006,13-Dec-2006,Mexico,19,25,9120,10000,0.053295,0.063954
12/14/2006,14-Dec-2006,Mexico,16,19,7680,7600,0.042359,0.050831
12/15/2006,15-Dec-2006,Mexico,18,19,8640,7600,0.044770,0.053724
12/16/2006,16-Dec-2006,Mexico,17,19,8160,7600,0.043587,0.052305
12/17/2006,17-Dec-2006,Mexico,17,23,8160,9200,0.048443,0.058132
12/18/2006,18-Dec-2006,Mexico,16,24,7680,9600,0.048441,0.058129
12/19/2006,19-Dec-2006,Mexico,19,19,9120,7600,0.046026,0.055231
12/20/2006,20-Dec-2006,Mexico,17,18,8160,7200,0.042372,0.050846
12/21/2006,21-Dec-2006,Mexico,19,23,9120,9200,0.050837,0.061005
12/22/2006,22-Dec-2006,Mexico,18,20,8640,8000,0.046021,0.055225
12/23/2006,23-Dec-2006,Mexico,19,21,9120,8400,0.048449,0.058138
12/24/2006,24-Dec-2006,Mexico,15,21,7200,8400,0.043604,0.052325
12/25/2006,25-Dec-2006,Mexico,18,18,8640,7200,0.043595,0.052314
12/26/2006,26-Dec-2006,Mexico,20,22,9600,8800,0.050857,0.061028
12/27/2006,27-Dec-2006,Mexico,16,25,7680,10000,0.049610,0.059531
12/28/2006,28-Dec-2006,Mexico,16,19,7680,7600,0.042392,0.050870
12/29/2006,29-Dec-2006,Mexico,19,21,9120,8400,0.048423,0.058108
12/30/2006,30-Dec-2006,Mexico,19,24,9120,9600,0.052069,0.062482
12/31/2005,31-Dec-2005,Frankfurt,42,39,9744,7488,0.103813,0.126652
1/1/2006,1-Jan-2006,Frankfurt,45,40,10440,7680,0.108971,0.132944
1/2/2006,2-Jan-2006,Frankfurt,44,38,10208,7296,0.105139,0.128270
1/3/2006,3-Jan-2006,Frankfurt,41,37,9512,7104,0.099958,0.121949
1/4/2006,4-Jan-2006,Frankfurt,43,36,9976,6912,0.101214,0.123481
1/5/2006,5-Jan-2006,Frankfurt,41,36,9512,6912,0.098683,0.120393
1/6/2006,6-Jan-2006,Frankfurt,45,38,10440,7296,0.106407,0.129816
1/7/2006,7-Jan-2006,Frankfurt,44,37,10208,7104,0.103838,0.126682
1/8/2006,8-Jan-2006,Frankfurt,43,36,9976,6912,0.101258,0.123534
1/9/2006,9-Jan-2006,Frankfurt,45,37,10440,7104,0.105080,0.128197
1/10/2006,10-Jan-2006,Frankfurt,44,36,10208,6912,0.102489,0.125037
1/11/2006,11-Jan-2006,Frankfurt,45,38,10440,7296,0.106361,0.129760
1/12/2006,12-Jan-2006,Frankfurt,45,38,10440,7296,0.106396,0.129803
1/13/2006,13-Jan-2006,Frankfurt,41,37,9512,7104,0.099945,0.121933
1/14/2006,14-Jan-2006,Frankfurt,42,36,9744,6912,0.100017,0.122021
1/15/2006,15-Jan-2006,Frankfurt,45,37,10440,7104,0.105142,0.128274
1/16/2006,16-Jan-2006,Frankfurt,41,38,9512,7296,0.101245,0.123519
1/17/2006,17-Jan-2006,Frankfurt,46,37,10672,7104,0.106313,0.129702
1/18/2006,18-Jan-2006,Frankfurt,42,36,9744,6912,0.099969,0.121962
1/19/2006,19-Jan-2006,Frankfurt,45,38,10440,7296,0.106419,0.129831
1/20/2006,20-Jan-2006,Frankfurt,42,40,9744,7680,0.105098,0.128219
1/21/2006,21-Jan-2006,Frankfurt,44,36,10208,6912,0.102545,0.125105
1/22/2006,22-Jan-2006,Frankfurt,45,38,10440,7296,0.106374,0.129776
1/23/2006,23-Jan-2006,Frankfurt,40,37,9280,7104,0.098701,0.120416
1/24/2006,24-Jan-2006,Frankfurt,46,38,10672,7296,0.107673,0.131361
1/25/2006,25-Jan-2006,Frankfurt,43,38,9976,7296,0.103860,0.126709
1/26/2006,26-Jan-2006,Frankfurt,44,40,10208,7680,0.107661,0.131346
1/27/2006,27-Jan-2006,Frankfurt,40,36,9280,6912,0.097420,0.118852
1/28/2006,28-Jan-2006,Frankfurt,44,40,10208,7680,0.107631,0.131310
1/29/2006,29-Jan-2006,Frankfurt,45,40,10440,7680,0.108930,0.132895
1/30/2006,30-Jan-2006,Frankfurt,45,39,10440,7488,0.107662,0.131348
1/31/2006,31-Jan-2006,Frankfurt,43,39,9976,7488,0.105143,0.128275
2/1/2006,1-Feb-2006,Frankfurt,41,36,9512,6912,0.098728,0.120448
2/2/2006,2-Feb-2006,Frankfurt,40,40,9280,7680,0.102555,0.125117
2/3/2006,3-Feb-2006,Frankfurt,46,36,10672,6912,0.105128,0.128256
2/4/2006,4-Feb-2006,Frankfurt,45,40,10440,7680,0.108936,0.132902
2/5/2006,5-Feb-2006,Frankfurt,41,37,9512,7104,0.099996,0.121995
2/6/2006,6-Feb-2006,Frankfurt,41,38,9512,7296,0.101191,0.123453
2/7/2006,7-Feb-2006,Frankfurt,43,38,9976,7296,0.103758,0.126585
2/8/2006,8-Feb-2006,Frankfurt,46,36,10672,6912,0.105074,0.128190
2/9/2006,9-Feb-2006,Frankfurt,43,40,9976,7680,0.106353,0.129751
2/10/2006,10-Feb-2006,Frankfurt,42,38,9744,7296,0.102560,0.125123
2/11/2006,11-Feb-2006,Frankfurt,44,40,10208,7680,0.107694,0.131387
2/12/2006,12-Feb-2006,Frankfurt,41,40,9512,7680,0.103834,0.126677
2/13/2006,13-Feb-2006,Frankfurt,46,36,10672,6912,0.105086,0.128205
2/14/2006,14-Feb-2006,Frankfurt,44,40,10208,7680,0.107677,0.131366
2/15/2006,15-Feb-2006,Frankfurt,43,36,9976,6912,0.101261,0.123538
2/16/2006,16-Feb-2006,Frankfurt,40,36,9280,6912,0.097445,0.118882
2/17/2006,17-Feb-2006,Frankfurt,45,40,10440,7680,0.108929,0.132894
2/18/2006,18-Feb-2006,Frankfurt,43,40,9976,7680,0.106420,0.129832
2/19/2006,19-Feb-2006,Frankfurt,40,39,9280,7488,0.101300,0.123586
2/20/2006,20-Feb-2006,Frankfurt,40,40,9280,7680,0.102584,0.125152
2/21/2006,21-Feb-2006,Frankfurt,44,38,10208,7296,0.105107,0.128231
2/22/2006,22-Feb-2006,Frankfurt,44,36,10208,6912,0.102577,0.125144
2/23/2006,23-Feb-2006,Frankfurt,46,39,10672,7488,0.108913,0.132874
2/24/2006,24-Feb-2006,Frankfurt,43,37,9976,7104,0.102563,0.125127
2/25/2006,25-Feb-2006,Frankfurt,45,39,10440,7488,0.107611,0.131285
2/26/2006,26-Feb-2006,Frankfurt,41,39,9512,7488,0.102504,0.125055
2/27/2006,27-Feb-2006,Frankfurt,42,36,9744,6912,0.100009,0.122011
2/28/2006,28-Feb-2006,Frankfurt,43,38,9976,7296,0.103760,0.126587
3/1/2006,1-Mar-2006,Frankfurt,43,39,9976,7488,0.105088,0.128207
3/2/2006,2-Mar-2006,Frankfurt,41,36,9512,6912,0.098685,0.120396
3/3/2006,3-Mar-2006,Frankfurt,41,38,9512,7296,0.101273,0.123552
3/4/2006,4-Mar-2006,Frankfurt,43,37,9976,7104,0.102486,0.125033
3/5/2006,5-Mar-2006,Frankfurt,40,39,9280,7488,0.101247,0.123521
3/6/2006,6-Mar-2006,Frankfurt,43,36,9976,6912,0.101284,0.123566
3/7/2006,7-Mar-2006,Frankfurt,42,38,9744,7296,0.102538,0.125096
3/8/2006,8-Mar-2006,Frankfurt,46,36,10672,6912,0.105133,0.128262
3/9/2006,9-Mar-2006,Frankfurt,41,36,9512,6912,0.098721,0.120440
3/10/2006,10-Mar-2006,Frankfurt,41,39,9512,7488,0.102541,0.125100
3/11/2006,11-Mar-2006,Frankfurt,41,37,9512,7104,0.100005,0.122006
3/12/2006,12-Mar-2006,Frankfurt,42,36,9744,6912,0.099918,0.121900
3/13/2006,13-Mar-2006,Frankfurt,45,40,10440,7680,0.108926,0.132889
3/14/2006,14-Mar-2006,Frankfurt,46,37,10672,7104,0.106338,0.129733
3/15/2006,15-Mar-2006,Frankfurt,45,37,10440,7104,0.105117,0.128243
3/16/2006,16-Mar-2006,Frankfurt,45,36,10440,6912,0.103755,0.126582
3/17/2006,17-Mar-2006,Frankfurt,46,40,10672,7680,0.110216,0.134464
3/18/2006,18-Mar-2006,Frankfurt,46,38,10672,7296,0.107649,0.131332
3/19/2006,19-Mar-2006,Frankfurt,42,37,9744,7104,0.101213,0.123479
3/20/2006,20-Mar-2006,Frankfurt,44,37,10208,7104,0.103766,0.126594
3/21/2006,21-Mar-2006,Frankfurt,40,37,9280,7104,0.098714,0.120431
3/22/2006,22-Mar-2006,Frankfurt,41,36,9512,6912,0.098724,0.120444
3/23/2006,23-Mar-2006,Frankfurt,46,38,10672,7296,0.107699,0.131393
3/24/2006,24-Mar-2006,Frankfurt,41,40,9512,7680,0.103840,0.126685
3/25/2006,25-Mar-2006,Frankfurt,43,36,9976,6912,0.101267,0.123545
3/26/2006,26-Mar-2006,Frankfurt,44,38,10208,7296,0.105134,0.128263
3/27/2006,27-Mar-2006,Frankfurt,43,40,9976,7680,0.106325,0.129716
3/28/2006,28-Mar-2006,Frankfurt,40,37,9280,7104,0.098705,0.120420
3/29/2006,29-Mar-2006,Frankfurt,40,36,9280,6912,0.097374,0.118796
3/30/2006,30-Mar-2006,Frankfurt,46,37,10672,7104,0.106416,0.129828
3/31/2006,31-Mar-2006,Frankfurt,41,36,9512,6912,0.098734,0.120456
4/1/2006,1-Apr-2006,Frankfurt,46,37,10672,7104,0.106354,0.129752
4/2/2006,2-Apr-2006,Frankfurt,46,39,10672,7488,0.108993,0.132972
4/3/2006,3-Apr-2006,Frankfurt,40,37,9280,7104,0.098726,0.120445
4/4/2006,4-Apr-2006,Frankfurt,43,39,9976,7488,0.105078,0.128195
4/5/2006,5-Apr-2006,Frankfurt,45,37,10440,7104,0.105144,0.128275
4/6/2006,6-Apr-2006,Frankfurt,42,36,9744,6912,0.100015,0.122018
4/7/2006,7-Apr-2006,Frankfurt,43,36,9976,6912,0.101203,0.123467
4/8/2006,8-Apr-2006,Frankfurt,46,40,10672,7680,0.110208,0.134453
4/9/2006,9-Apr-2006,Frankfurt,45,36,10440,6912,0.103854,0.126702
4/10/2006,10-Apr-2006,Frankfurt,43,39,9976,7488,0.105088,0.128208
4/11/2006,11-Apr-2006,Frankfurt,42,36,9744,6912,0.100008,0.122010
4/12/2006,12-Apr-2006,Frankfurt,40,39,9280,7488,0.101297,0.123582
4/13/2006,13-Apr-2006,Frankfurt,41,40,9512,7680,0.103848,0.126694
4/14/2006,14-Apr-2006,Frankfurt,41,36,9512,6912,0.098729,0.120449
4/15/2006,15-Apr-2006,Frankfurt,46,36,10672,6912,0.105117,0.128242
4/16/2006,16-Apr-2006,Frankfurt,40,39,9280,7488,0.101209,0.123475
4/17/2006,17-Apr-2006,Frankfurt,42,37,9744,7104,0.101262,0.123539
4/18/2006,18-Apr-2006,Frankfurt,41,38,9512,7296,0.101277,0.123558
4/19/2006,19-Apr-2006,Frankfurt,46,40,10672,7680,0.110224,0.134474
4/20/2006,20-Apr-2006,Frankfurt,45,38,10440,7296,0.106402,0.129811
4/21/2006,21-Apr-2006,Frankfurt,40,38,9280,7296,0.100004,0.122005
4/22/2006,22-Apr-2006,Frankfurt,44,39,10208,7488,0.106430,0.129844
4/23/2006,23-Apr-2006,Frankfurt,45,38,10440,7296,0.106413,0.129823
4/24/2006,24-Apr-2006,Frankfurt,43,39,9976,7488,0.105137,0.128267
4/25/2006,25-Apr-2006,Frankfurt,41,40,9512,7680,0.103832,0.126675
4/26/2006,26-Apr-2006,Frankfurt,45,37,10440,7104,0.105141,0.128272
4/27/2006,27-Apr-2006,Frankfurt,44,37,10208,7104,0.103848,0.126695
4/28/2006,28-Apr-2006,Frankfurt,43,37,9976,7104,0.102524,0.125079
4/29/2006,29-Apr-2006,Frankfurt,44,39,10208,7488,0.106391,0.129797
4/30/2006,30-Apr-2006,Frankfurt,43,38,9976,7296,0.103835,0.126679
5/1/2006,1-May-2006,Frankfurt,43,40,9976,7680,0.106354,0.129752
5/2/2006,2-May-2006,Frankfurt,40,36,9280,6912,0.097369,0.118790
5/3/2006,3-May-2006,Frankfurt,40,40,9280,7680,0.102573,0.125139
5/4/2006,4-May-2006,Frankfurt,43,36,9976,6912,0.101276,0.123557
5/5/2006,5-May-2006,Frankfurt,41,36,9512,6912,0.098683,0.120393
5/6/2006,6-May-2006,Frankfurt,45,38,10440,7296,0.106345,0.129741
5/7/2006,7-May-2006,Frankfurt,44,36,10208,6912,0.102568,0.125133
5/8/2006,8-May-2006,Frankfurt,42,36,9744,6912,0.100013,0.122016
5/9/2006,9-May-2006,Frankfurt,41,39,9512,7488,0.102490,0.125038
5/10/2006,10-May-2006,Frankfurt,46,38,10672,7296,0.107635,0.131315
5/11/2006,11-May-2006,Frankfurt,45,39,10440,7488,0.107624,0.131301
5/12/2006,12-May-2006,Frankfurt,46,36,10672,6912,0.105107,0.128230
5/13/2006,13-May-2006,Frankfurt,43,38,9976,7296,0.103796,0.126631
5/14/2006,14-May-2006,Frankfurt,43,36,9976,6912,0.101196,0.123459
5/15/2006,15-May-2006,Frankfurt,43,36,9976,6912,0.101252,0.123528
5/16/2006,16-May-2006,Frankfurt,45,38,10440,7296,0.106340,0.129735
5/17/2006,17-May-2006,Frankfurt,44,38,10208,7296,0.105041,0.128150
5/18/2006,18-May-2006,Frankfurt,40,40,9280,7680,0.102498,0.125047
5/19/2006,19-May-2006,Frankfurt,44,38,10208,7296,0.105128,0.128256
5/20/2006,20-May-2006,Frankfurt,45,37,10440,7104,0.105056,0.128168
5/21/2006,21-May-2006,Frankfurt,44,40,10208,7680,0.107612,0.131287
5/22/2006,22-May-2006,Frankfurt,43,39,9976,7488,0.105033,0.128140
5/23/2006,23-May-2006,Frankfurt,43,39,9976,7488,0.105088,0.128207
5/24/2006,24-May-2006,Frankfurt,43,38,9976,7296,0.103833,0.126676
5/25/2006,25-May-2006,Frankfurt,42,37,9744,7104,0.101269,0.123548
5/26/2006,26-May-2006,Frankfurt,40,39,9280,7488,0.101302,0.123589
5/27/2006,27-May-2006,Frankfurt,41,38,9512,7296,0.101262,0.123540
5/28/2006,28-May-2006,Frankfurt,44,37,10208,7104,0.103827,0.126669
5/29/2006,29-May-2006,Frankfurt,40,36,9280,6912,0.097454,0.118893
5/30/2006,30-May-2006,Frankfurt,46,38,10672,7296,0.107640,0.131321
5/31/2006,31-May-2006,Frankfurt,44,37,10208,7104,0.103830,0.126672
6/1/2006,1-Jun-2006,Frankfurt,42,38,9744,7296,0.102483,0.125030
6/2/2006,2-Jun-2006,Frankfurt,46,37,10672,7104,0.106405,0.129814
6/3/2006,3-Jun-2006,Frankfurt,42,36,9744,6912,0.099964,0.121956
6/4/2006,4-Jun-2006,Frankfurt,42,40,9744,7680,0.105141,0.128271
6/5/2006,5-Jun-2006,Frankfurt,42,36,9744,6912,0.099953,0.121943
6/6/2006,6-Jun-2006,Frankfurt,45,39,10440,7488,0.107705,0.131400
6/7/2006,7-Jun-2006,Frankfurt,44,39,10208,7488,0.106324,0.129715
6/8/2006,8-Jun-2006,Frankfurt,44,39,10208,7488,0.106416,0.129827
6/9/2006,9-Jun-2006,Frankfurt,45,37,10440,7104,0.105144,0.128276
6/10/2006,10-Jun-2006,Frankfurt,46,36,10672,6912,0.105090,0.128210
6/11/2006,11-Jun-2006,Frankfurt,46,39,10672,7488,0.108966,0.132938
6/12/2006,12-Jun-2006,Frankfurt,44,40,10208,7680,0.107705,0.131400
6/13/2006,13-Jun-2006,Frankfurt,43,36,9976,6912,0.101227,0.123498
6/14/2006,14-Jun-2006,Frankfurt,46,36,10672,6912,0.105141,0.128272
6/15/2006,15-Jun-2006,Frankfurt,45,40,10440,7680,0.108978,0.132953
6/16/2006,16-Jun-2006,Frankfurt,46,36,10672,6912,0.105101,0.128223
6/17/2006,17-Jun-2006,Frankfurt,40,36,9280,6912,0.097418,0.118850
6/18/2006,18-Jun-2006,Frankfurt,45,37,10440,7104,0.105085,0.128204
6/19/2006,19-Jun-2006,Frankfurt,43,36,9976,6912,0.101300,0.123585
6/20/2006,20-Jun-2006,Frankfurt,46,36,10672,6912,0.105129,0.128257
6/21/2006,21-Jun-2006,Frankfurt,45,38,10440,7296,0.106322,0.129713
6/22/2006,22-Jun-2006,Frankfurt,46,37,10672,7104,0.106345,0.129741
6/23/2006,23-Jun-2006,Frankfurt,43,36,9976,6912,0.101275,0.123555
6/24/2006,24-Jun-2006,Frankfurt,44,38,10208,7296,0.105103,0.128225
6/25/2006,25-Jun-2006,Frankfurt,42,38,9744,7296,0.102563,0.125127
6/26/2006,26-Jun-2006,Frankfurt,45,37,10440,7104,0.105149,0.128282
6/27/2006,27-Jun-2006,Frankfurt,46,40,10672,7680,0.110180,0.134420
6/28/2006,28-Jun-2006,Frankfurt,43,36,9976,6912,0.101204,0.123469
6/29/2006,29-Jun-2006,Frankfurt,41,36,9512,6912,0.098660,0.120366
6/30/2006,30-Jun-2006,Frankfurt,45,39,10440,7488,0.107595,0.131266
7/1/2006,1-Jul-2006,Frankfurt,45,36,10440,6912,0.103866,0.126717
7/2/2006,2-Jul-2006,Frankfurt,45,39,10440,7488,0.107705,0.131400
7/3/2006,3-Jul-2006,Frankfurt,44,37,10208,7104,0.103850,0.126697
7/4/2006,4-Jul-2006,Frankfurt,41,36,9512,6912,0.098666,0.120372
7/5/2006,5-Jul-2006,Frankfurt,42,40,9744,7680,0.105125,0.128252
7/6/2006,6-Jul-2006,Frankfurt,41,40,9512,7680,0.103769,0.126598
7/7/2006,7-Jul-2006,Frankfurt,45,38,10440,7296,0.106406,0.129815
7/8/2006,8-Jul-2006,Frankfurt,40,37,9280,7104,0.098639,0.120340
7/9/2006,9-Jul-2006,Frankfurt,43,39,9976,7488,0.105107,0.128230
7/10/2006,10-Jul-2006,Frankfurt,41,37,9512,7104,0.100008,0.122010
7/11/2006,11-Jul-2006,Frankfurt,42,36,9744,6912,0.099940,0.121927
7/12/2006,12-Jul-2006,Frankfurt,44,40,10208,7680,0.107676,0.131364
7/13/2006,13-Jul-2006,Frankfurt,44,37,10208,7104,0.103813,0.126652
7/14/2006,14-Jul-2006,Frankfurt,42,38,9744,7296,0.102562,0.125125
7/15/2006,15-Jul-2006,Frankfurt,46,40,10672,7680,0.110260,0.134517
7/16/2006,16-Jul-2006,Frankfurt,42,40,9744,7680,0.105045,0.128154
7/17/2006,17-Jul-2006,Frankfurt,44,36,10208,6912,0.102582,0.125150
7/18/2006,18-Jul-2006,Frankfurt,46,37,10672,7104,0.106377,0.129780
7/19/2006,19-Jul-2006,Frankfurt,43,37,9976,7104,0.102492,0.125040
7/20/2006,20-Jul-2006,Frankfurt,46,36,10672,6912,0.105048,0.128158
7/21/2006,21-Jul-2006,Frankfurt,40,40,9280,7680,0.102581,0.125149
7/22/2006,22-Jul-2006,Frankfurt,41,37,9512,7104,0.100013,0.122016
7/23/2006,23-Jul-2006,Frankfurt,44,36,10208,6912,0.102474,0.125019
7/24/2006,24-Jul-2006,Frankfurt,45,38,10440,7296,0.106341,0.129736
7/25/2006,25-Jul-2006,Frankfurt,44,38,10208,7296,0.105139,0.128269
7/26/2006,26-Jul-2006,Frankfurt,45,37,10440,7104,0.105136,0.128266
7/27/2006,27-Jul-2006,Frankfurt,44,39,10208,7488,0.106429,0.129843
7/28/2006,28-Jul-2006,Frankfurt,46,37,10672,7104,0.106429,0.129843
7/29/2006,29-Jul-2006,Frankfurt,42,40,9744,7680,0.105039,0.128148
7/30/2006,30-Jul-2006,Frankfurt,46,36,10672,6912,0.105148,0.128280
7/31/2006,31-Jul-2006,Frankfurt,41,40,9512,7680,0.103822,0.126663
8/1/2006,1-Aug-2006,Frankfurt,46,40,10672,7680,0.110257,0.134514
8/2/2006,2-Aug-2006,Frankfurt,46,37,10672,7104,0.106375,0.129777
8/3/2006,3-Aug-2006,Frankfurt,42,39,9744,7488,0.103866,0.126717
8/4/2006,4-Aug-2006,Frankfurt,43,39,9976,7488,0.105034,0.128142
8/5/2006,5-Aug-2006,Frankfurt,44,38,10208,7296,0.105038,0.128146
8/6/2006,6-Aug-2006,Frankfurt,43,38,9976,7296,0.103794,0.126628
8/7/2006,7-Aug-2006,Frankfurt,46,36,10672,6912,0.105109,0.128232
8/8/2006,8-Aug-2006,Frankfurt,45,38,10440,7296,0.106329,0.129721
8/9/2006,9-Aug-2006,Frankfurt,41,39,9512,7488,0.102572,0.125138
8/10/2006,10-Aug-2006,Frankfurt,41,39,9512,7488,0.102481,0.125027
8/11/2006,11-Aug-2006,Frankfurt,46,37,10672,7104,0.106400,0.129808
8/12/2006,12-Aug-2006,Frankfurt,46,37,10672,7104,0.106415,0.129827
8/13/2006,13-Aug-2006,Frankfurt,45,37,10440,7104,0.105135,0.128264
8/14/2006,14-Aug-2006,Frankfurt,43,40,9976,7680,0.106338,0.129732
8/15/2006,15-Aug-2006,Frankfurt,41,39,9512,7488,0.102556,0.125118
8/16/2006,16-Aug-2006,Frankfurt,45,37,10440,7104,0.105099,0.128221
8/17/2006,17-Aug-2006,Frankfurt,41,39,9512,7488,0.102561,0.125125
8/18/2006,18-Aug-2006,Frankfurt,40,36,9280,6912,0.097359,0.118778
8/19/2006,19-Aug-2006,Frankfurt,43,36,9976,6912,0.101259,0.123536
8/20/2006,20-Aug-2006,Frankfurt,45,36,10440,6912,0.103862,0.126711
8/21/2006,21-Aug-2006,Frankfurt,40,39,9280,7488,0.101276,0.123556
8/22/2006,22-Aug-2006,Frankfurt,44,39,10208,7488,0.106317,0.129706
8/23/2006,23-Aug-2006,Frankfurt,42,36,9744,6912,0.099981,0.121976
8/24/2006,24-Aug-2006,Frankfurt,40,37,9280,7104,0.098657,0.120362
8/25/2006,25-Aug-2006,Frankfurt,45,39,10440,7488,0.107668,0.131355
8/26/2006,26-Aug-2006,Frankfurt,40,36,9280,6912,0.097363,0.118783
8/27/2006,27-Aug-2006,Frankfurt,45,40,10440,7680,0.108889,0.132844
8/28/2006,28-Aug-2006,Frankfurt,45,38,10440,7296,0.106408,0.129818
8/29/2006,29-Aug-2006,Frankfurt,41,36,9512,6912,0.098686,0.120396
8/30/2006,30-Aug-2006,Frankfurt,43,39,9976,7488,0.105106,0.128229
8/31/2006,31-Aug-2006,Frankfurt,44,39,10208,7488,0.106405,0.129814
9/1/2006,1-Sep-2006,Frankfurt,45,37,10440,7104,0.105142,0.128273
9/2/2006,2-Sep-2006,Frankfurt,41,37,9512,7104,0.100011,0.122014
9/3/2006,3-Sep-2006,Frankfurt,42,39,9744,7488,0.103849,0.126695
9/4/2006,4-Sep-2006,Frankfurt,41,40,9512,7680,0.103809,0.126647
9/5/2006,5-Sep-2006,Frankfurt,45,37,10440,7104,0.105060,0.128173
9/6/2006,6-Sep-2006,Frankfurt,45,39,10440,7488,0.107690,0.131382
9/7/2006,7-Sep-2006,Frankfurt,44,39,10208,7488,0.106404,0.129813
9/8/2006,8-Sep-2006,Frankfurt,43,38,9976,7296,0.103789,0.126622
9/9/2006,9-Sep-2006,Frankfurt,45,37,10440,7104,0.105083,0.128201
9/10/2006,10-Sep-2006,Frankfurt,40,39,9280,7488,0.101262,0.123539
9/11/2006,11-Sep-2006,Frankfurt,44,40,10208,7680,0.107687,0.131378
9/12/2006,12-Sep-2006,Frankfurt,43,38,9976,7296,0.103862,0.126712
9/13/2006,13-Sep-2006,Frankfurt,42,36,9744,6912,0.099974,0.121968
9/14/2006,14-Sep-2006,Frankfurt,40,38,9280,7296,0.100012,0.122014
9/15/2006,15-Sep-2006,Frankfurt,46,38,10672,7296,0.107670,0.131357
9/16/2006,16-Sep-2006,Frankfurt,45,40,10440,7680,0.108995,0.132974
9/17/2006,17-Sep-2006,Frankfurt,45,37,10440,7104,0.105088,0.128207
9/18/2006,18-Sep-2006,Frankfurt,40,37,9280,7104,0.098692,0.120404
9/19/2006,19-Sep-2006,Frankfurt,41,37,9512,7104,0.099997,0.121996
9/20/2006,20-Sep-2006,Frankfurt,42,39,9744,7488,0.103754,0.126580
9/21/2006,21-Sep-2006,Frankfurt,44,39,10208,7488,0.106407,0.129816
9/22/2006,22-Sep-2006,Frankfurt,44,37,10208,7104,0.103806,0.126644
9/23/2006,23-Sep-2006,Frankfurt,41,37,9512,7104,0.100001,0.122001
9/24/2006,24-Sep-2006,Frankfurt,43,38,9976,7296,0.103828,0.126671
9/25/2006,25-Sep-2006,Frankfurt,46,40,10672,7680,0.110278,0.134539
9/26/2006,26-Sep-2006,Frankfurt,45,37,10440,7104,0.105128,0.128257
9/27/2006,27-Sep-2006,Frankfurt,43,39,9976,7488,0.105147,0.128279
9/28/2006,28-Sep-2006,Frankfurt,40,38,9280,7296,0.099938,0.121924
9/29/2006,29-Sep-2006,Frankfurt,42,40,9744,7680,0.105051,0.128163
9/30/2006,30-Sep-2006,Frankfurt,44,40,10208,7680,0.107678,0.131367
10/1/2006,1-Oct-2006,Frankfurt,40,40,9280,7680,0.102548,0.125108
10/2/2006,2-Oct-2006,Frankfurt,44,38,10208,7296,0.105136,0.128266
10/3/2006,3-Oct-2006,Frankfurt,46,36,10672,6912,0.105111,0.128236
10/4/2006,4-Oct-2006,Frankfurt,46,36,10672,6912,0.105035,0.128143
10/5/2006,5-Oct-2006,Frankfurt,44,39,10208,7488,0.106351,0.129748
10/6/2006,6-Oct-2006,Frankfurt,41,40,9512,7680,0.103780,0.126611
10/7/2006,7-Oct-2006,Frankfurt,46,38,10672,7296,0.107694,0.131387
10/8/2006,8-Oct-2006,Frankfurt,40,36,9280,6912,0.097419,0.118851
10/9/2006,9-Oct-2006,Frankfurt,42,36,9744,6912,0.100005,0.122006
10/10/2006,10-Oct-2006,Frankfurt,45,36,10440,6912,0.103804,0.126641
10/11/2006,11-Oct-2006,Frankfurt,45,38,10440,7296,0.106404,0.129812
10/12/2006,12-Oct-2006,Frankfurt,46,39,10672,7488,0.108883,0.132837
10/13/2006,13-Oct-2006,Frankfurt,45,39,10440,7488,0.107713,0.131410
10/14/2006,14-Oct-2006,Frankfurt,45,40,10440,7680,0.108931,0.132896
10/15/2006,15-Oct-2006,Frankfurt,46,38,10672,7296,0.107599,0.131271
10/16/2006,16-Oct-2006,Frankfurt,43,36,9976,6912,0.101202,0.123466
10/17/2006,17-Oct-2006,Frankfurt,43,39,9976,7488,0.105101,0.128223
10/18/2006,18-Oct-2006,Frankfurt,43,36,9976,6912,0.101271,0.123550
10/19/2006,19-Oct-2006,Frankfurt,46,40,10672,7680,0.110252,0.134508
10/20/2006,20-Oct-2006,Frankfurt,45,39,10440,7488,0.107704,0.131399
10/21/2006,21-Oct-2006,Frankfurt,42,38,9744,7296,0.102535,0.125093
10/22/2006,22-Oct-2006,Frankfurt,46,39,10672,7488,0.108958,0.132929
10/23/2006,23-Oct-2006,Frankfurt,44,40,10208,7680,0.107680,0.131370
10/24/2006,24-Oct-2006,Frankfurt,42,36,9744,6912,0.100007,0.122009
10/25/2006,25-Oct-2006,Frankfurt,41,40,9512,7680,0.103850,0.126696
10/26/2006,26-Oct-2006,Frankfurt,40,38,9280,7296,0.100003,0.122004
10/27/2006,27-Oct-2006,Frankfurt,44,40,10208,7680,0.107688,0.131379
10/28/2006,28-Oct-2006,Frankfurt,45,36,10440,6912,0.103815,0.126655
10/29/2006,29-Oct-2006,Frankfurt,44,39,10208,7488,0.106399,0.129807
10/30/2006,30-Oct-2006,Frankfurt,46,40,10672,7680,0.110272,0.134532
10/31/2006,31-Oct-2006,Frankfurt,42,37,9744,7104,0.101286,0.123569
11/1/2006,1-Nov-2006,Frankfurt,42,39,9744,7488,0.103761,0.126589
11/2/2006,2-Nov-2006,Frankfurt,45,39,10440,7488,0.107683,0.131373
11/3/2006,3-Nov-2006,Frankfurt,41,36,9512,6912,0.098635,0.120334
11/4/2006,4-Nov-2006,Frankfurt,40,36,9280,6912,0.097420,0.118853
11/5/2006,5-Nov-2006,Frankfurt,45,40,10440,7680,0.108983,0.132959
11/6/2006,6-Nov-2006,Frankfurt,44,38,10208,7296,0.105139,0.128269
11/7/2006,7-Nov-2006,Frankfurt,42,40,9744,7680,0.105080,0.128197
11/8/2006,8-Nov-2006,Frankfurt,41,38,9512,7296,0.101286,0.123569
11/9/2006,9-Nov-2006,Frankfurt,43,39,9976,7488,0.105087,0.128206
11/10/2006,10-Nov-2006,Frankfurt,41,40,9512,7680,0.103859,0.126707
11/11/2006,11-Nov-2006,Frankfurt,46,36,10672,6912,0.105117,0.128243
11/12/2006,12-Nov-2006,Frankfurt,44,38,10208,7296,0.105113,0.128238
11/13/2006,13-Nov-2006,Frankfurt,45,37,10440,7104,0.105115,0.128240
11/14/2006,14-Nov-2006,Frankfurt,40,39,9280,7488,0.101273,0.123553
11/15/2006,15-Nov-2006,Frankfurt,44,40,10208,7680,0.107661,0.131346
11/16/2006,16-Nov-2006,Frankfurt,40,38,9280,7296,0.100003,0.122004
11/17/2006,17-Nov-2006,Frankfurt,46,36,10672,6912,0.105145,0.128276
11/18/2006,18-Nov-2006,Frankfurt,40,38,9280,7296,0.100006,0.122007
11/19/2006,19-Nov-2006,Frankfurt,44,36,10208,6912,0.102577,0.125144
11/20/2006,20-Nov-2006,Frankfurt,43,36,9976,6912,0.101275,0.123556
11/21/2006,21-Nov-2006,Frankfurt,41,39,9512,7488,0.102530,0.125087
11/22/2006,22-Nov-2006,Frankfurt,42,36,9744,6912,0.099983,0.121979
11/23/2006,23-Nov-2006,Frankfurt,42,39,9744,7488,0.103842,0.126687
11/24/2006,24-Nov-2006,Frankfurt,45,40,10440,7680,0.108988,0.132965
11/25/2006,25-Nov-2006,Frankfurt,46,37,10672,7104,0.106415,0.129826
11/26/2006,26-Nov-2006,Frankfurt,41,40,9512,7680,0.103856,0.126704
11/27/2006,27-Nov-2006,Frankfurt,42,36,9744,6912,0.100016,0.122019
11/28/2006,28-Nov-2006,Frankfurt,42,39,9744,7488,0.103801,0.126637
11/29/2006,29-Nov-2006,Frankfurt,45,39,10440,7488,0.107680,0.131370
11/30/2006,30-Nov-2006,Frankfurt,46,40,10672,7680,0.110225,0.134475
12/1/2006,1-Dec-2006,Frankfurt,40,37,9280,7104,0.098718,0.120436
12/2/2006,2-Dec-2006,Frankfurt,42,40,9744,7680,0.105116,0.128241
12/3/2006,3-Dec-2006,Frankfurt,43,36,9976,6912,0.101279,0.123561
12/4/2006,4-Dec-2006,Frankfurt,42,38,9744,7296,0.102545,0.125105
12/5/2006,5-Dec-2006,Frankfurt,40,39,9280,7488,0.101287,0.123570
12/6/2006,6-Dec-2006,Frankfurt,41,38,9512,7296,0.101190,0.123452
12/7/2006,7-Dec-2006,Frankfurt,44,36,10208,6912,0.102483,0.125029
12/8/2006,8-Dec-2006,Frankfurt,45,40,10440,7680,0.108996,0.132975
12/9/2006,9-Dec-2006,Frankfurt,45,38,10440,7296,0.106407,0.129816
12/10/2006,10-Dec-2006,Frankfurt,45,38,10440,7296,0.106401,0.129810
12/11/2006,11-Dec-2006,Frankfurt,44,37,10208,7104,0.103814,0.126652
12/12/2006,12-Dec-2006,Frankfurt,41,37,9512,7104,0.099945,0.121933
12/13/2006,13-Dec-2006,Frankfurt,40,36,9280,6912,0.097434,0.118869
12/14/2006,14-Dec-2006,Frankfurt,45,39,10440,7488,0.107680,0.131370
12/15/2006,15-Dec-2006,Frankfurt,43,37,9976,7104,0.102523,0.125078
12/16/2006,16-Dec-2006,Frankfurt,42,38,9744,7296,0.102489,0.125037
12/17/2006,17-Dec-2006,Frankfurt,40,39,9280,7488,0.101274,0.123554
12/18/2006,18-Dec-2006,Frankfurt,43,39,9976,7488,0.105079,0.128196
12/19/2006,19-Dec-2006,Frankfurt,43,38,9976,7296,0.103851,0.126698
12/20/2006,20-Dec-2006,Frankfurt,40,38,9280,7296,0.099994,0.121992
12/21/2006,21-Dec-2006,Frankfurt,44,36,10208,6912,0.102551,0.125112
12/22/2006,22-Dec-2006,Frankfurt,43,39,9976,7488,0.105148,0.128281
12/23/2006,23-Dec-2006,Frankfurt,44,40,10208,7680,0.107710,0.131406
12/24/2006,24-Dec-2006,Frankfurt,44,40,10208,7680,0.107693,0.131386
12/25/2006,25-Dec-2006,Frankfurt,44,36,10208,6912,0.102497,0.125047
12/26/2006,26-Dec-2006,Frankfurt,46,38,10672,7296,0.107713,0.131410
12/27/2006,27-Dec-2006,Frankfurt,42,36,9744,6912,0.099992,0.121991
12/28/2006,28-Dec-2006,Frankfurt,42,38,9744,7296,0.102560,0.125124
12/29/2006,29-Dec-2006,Frankfurt,43,39,9976,7488,0.105104,0.128227
12/30/2006,30-Dec-2006,Frankfurt,41,39,9512,7488,0.102527,0.125083
12/31/2005,31-Dec-2005,Gary,24,25,5760,5000,0.036415,0.044426
1/1/2006,1-Jan-2006,Gary,23,34,5520,6800,0.042362,0.051681
1/2/2006,2-Jan-2006,Gary,20,27,4800,5400,0.034926,0.042610
1/3/2006,3-Jan-2006,Gary,23,32,5520,6400,0.040866,0.049857
1/4/2006,4-Jan-2006,Gary,23,30,5520,6000,0.039364,0.048025
1/5/2006,5-Jan-2006,Gary,23,30,5520,6000,0.039377,0.048041
1/6/2006,6-Jan-2006,Gary,22,26,5280,5200,0.035673,0.043521
1/7/2006,7-Jan-2006,Gary,23,25,5520,5000,0.035648,0.043491
1/8/2006,8-Jan-2006,Gary,22,34,5280,6800,0.041619,0.050775
1/9/2006,9-Jan-2006,Gary,24,29,5760,5800,0.039374,0.048036
1/10/2006,10-Jan-2006,Gary,23,31,5520,6200,0.040125,0.048952
1/11/2006,11-Jan-2006,Gary,20,26,4800,5200,0.034169,0.041686
1/12/2006,12-Jan-2006,Gary,24,26,5760,5200,0.037160,0.045335
1/13/2006,13-Jan-2006,Gary,23,29,5520,5800,0.038627,0.047125
1/14/2006,14-Jan-2006,Gary,21,34,5040,6800,0.040848,0.049834
1/15/2006,15-Jan-2006,Gary,22,33,5280,6600,0.040875,0.049867
1/16/2006,16-Jan-2006,Gary,20,34,4800,6800,0.040133,0.048962
1/17/2006,17-Jan-2006,Gary,20,31,4800,6200,0.037893,0.046230
1/18/2006,18-Jan-2006,Gary,22,29,5280,5800,0.037899,0.046237
1/19/2006,19-Jan-2006,Gary,21,25,5040,5000,0.034177,0.041696
1/20/2006,20-Jan-2006,Gary,21,34,5040,6800,0.040861,0.049851
1/21/2006,21-Jan-2006,Gary,22,27,5280,5400,0.036411,0.044422
1/22/2006,22-Jan-2006,Gary,21,25,5040,5000,0.034187,0.041708
1/23/2006,23-Jan-2006,Gary,22,27,5280,5400,0.036393,0.044400
1/24/2006,24-Jan-2006,Gary,21,32,5040,6400,0.039375,0.048038
1/25/2006,25-Jan-2006,Gary,21,25,5040,5000,0.034187,0.041708
1/26/2006,26-Jan-2006,Gary,21,27,5040,5400,0.035661,0.043507
1/27/2006,27-Jan-2006,Gary,22,31,5280,6200,0.039382,0.048046
1/28/2006,28-Jan-2006,Gary,23,27,5520,5400,0.037124,0.045292
1/29/2006,29-Jan-2006,Gary,23,29,5520,5800,0.038629,0.047127
1/30/2006,30-Jan-2006,Gary,24,29,5760,5800,0.039386,0.048051
1/31/2006,31-Jan-2006,Gary,21,30,5040,6000,0.037887,0.046222
2/1/2006,1-Feb-2006,Gary,21,31,5040,6200,0.038613,0.047108
2/2/2006,2-Feb-2006,Gary,22,32,5280,6400,0.040127,0.048955
2/3/2006,3-Feb-2006,Gary,22,32,5280,6400,0.040132,0.048961
2/4/2006,4-Feb-2006,Gary,24,25,5760,5000,0.036405,0.044414
2/5/2006,5-Feb-2006,Gary,23,29,5520,5800,0.038638,0.047138
2/6/2006,6-Feb-2006,Gary,23,29,5520,5800,0.038644,0.047146
2/7/2006,7-Feb-2006,Gary,21,32,5040,6400,0.039363,0.048023
2/8/2006,8-Feb-2006,Gary,20,34,4800,6800,0.040126,0.048954
2/9/2006,9-Feb-2006,Gary,24,29,5760,5800,0.039383,0.048047
2/10/2006,10-Feb-2006,Gary,23,29,5520,5800,0.038646,0.047148
2/11/2006,11-Feb-2006,Gary,22,26,5280,5200,0.035674,0.043522
2/12/2006,12-Feb-2006,Gary,22,32,5280,6400,0.040115,0.048941
2/13/2006,13-Feb-2006,Gary,22,30,5280,6000,0.038626,0.047124
2/14/2006,14-Feb-2006,Gary,20,29,4800,5800,0.036414,0.044425
2/15/2006,15-Feb-2006,Gary,21,27,5040,5400,0.035673,0.043521
2/16/2006,16-Feb-2006,Gary,23,26,5520,5200,0.036412,0.044422
2/17/2006,17-Feb-2006,Gary,22,25,5280,5000,0.034904,0.042582
2/18/2006,18-Feb-2006,Gary,23,26,5520,5200,0.036410,0.044421
2/19/2006,19-Feb-2006,Gary,22,28,5280,5600,0.037137,0.045308
2/20/2006,20-Feb-2006,Gary,24,29,5760,5800,0.039390,0.048055
2/21/2006,21-Feb-2006,Gary,21,30,5040,6000,0.037868,0.046199
2/22/2006,22-Feb-2006,Gary,22,29,5280,5800,0.037877,0.046210
2/23/2006,23-Feb-2006,Gary,23,25,5520,5000,0.035650,0.043493
2/24/2006,24-Feb-2006,Gary,21,29,5040,5800,0.037143,0.045315
2/25/2006,25-Feb-2006,Gary,23,31,5520,6200,0.040101,0.048924
2/26/2006,26-Feb-2006,Gary,22,25,5280,5000,0.034925,0.042608
2/27/2006,27-Feb-2006,Gary,20,32,4800,6400,0.038613,0.047108
2/28/2006,28-Feb-2006,Gary,21,32,5040,6400,0.039381,0.048045
3/1/2006,1-Mar-2006,Gary,20,31,4800,6200,0.037894,0.046231
3/2/2006,2-Mar-2006,Gary,22,27,5280,5400,0.036417,0.044429
3/3/2006,3-Mar-2006,Gary,23,33,5520,6600,0.041616,0.050772
3/4/2006,4-Mar-2006,Gary,22,25,5280,5000,0.034929,0.042613
3/5/2006,5-Mar-2006,Gary,22,32,5280,6400,0.040127,0.048955
3/6/2006,6-Mar-2006,Gary,22,25,5280,5000,0.034923,0.042606
3/7/2006,7-Mar-2006,Gary,22,31,5280,6200,0.039357,0.048016
3/8/2006,8-Mar-2006,Gary,20,26,4800,5200,0.034187,0.041708
3/9/2006,9-Mar-2006,Gary,24,30,5760,6000,0.040122,0.048949
3/10/2006,10-Mar-2006,Gary,20,28,4800,5600,0.035667,0.043513
3/11/2006,11-Mar-2006,Gary,20,32,4800,6400,0.038626,0.047124
3/12/2006,12-Mar-2006,Gary,23,25,5520,5000,0.035663,0.043509
3/13/2006,13-Mar-2006,Gary,21,30,5040,6000,0.037900,0.046238
3/14/2006,14-Mar-2006,Gary,20,32,4800,6400,0.038616,0.047112
3/15/2006,15-Mar-2006,Gary,21,26,5040,5200,0.034900,0.042578
3/16/2006,16-Mar-2006,Gary,24,31,5760,6200,0.040834,0.049817
3/17/2006,17-Mar-2006,Gary,24,34,5760,6800,0.043071,0.052546
3/18/2006,18-Mar-2006,Gary,22,30,5280,6000,0.038639,0.047139
3/19/2006,19-Mar-2006,Gary,24,33,5760,6600,0.042322,0.051632
3/20/2006,20-Mar-2006,Gary,24,28,5760,5600,0.038614,0.047110
3/21/2006,21-Mar-2006,Gary,23,31,5520,6200,0.040105,0.048928
3/22/2006,22-Mar-2006,Gary,20,28,4800,5600,0.035668,0.043514
3/23/2006,23-Mar-2006,Gary,22,27,5280,5400,0.036417,0.044428
3/24/2006,24-Mar-2006,Gary,21,25,5040,5000,0.034154,0.041668
3/25/2006,25-Mar-2006,Gary,21,29,5040,5800,0.037124,0.045292
3/26/2006,26-Mar-2006,Gary,22,34,5280,6800,0.041594,0.050745
3/27/2006,27-Mar-2006,Gary,21,31,5040,6200,0.038618,0.047114
3/28/2006,28-Mar-2006,Gary,22,26,5280,5200,0.035659,0.043504
3/29/2006,29-Mar-2006,Gary,24,33,5760,6600,0.042356,0.051674
3/30/2006,30-Mar-2006,Gary,21,33,5040,6600,0.040133,0.048962
3/31/2006,31-Mar-2006,Gary,24,30,5760,6000,0.040112,0.048937
4/1/2006,1-Apr-2006,Gary,20,32,4800,6400,0.038632,0.047131
4/2/2006,2-Apr-2006,Gary,24,29,5760,5800,0.039383,0.048047
4/3/2006,3-Apr-2006,Gary,24,31,5760,6200,0.040869,0.049860
4/4/2006,4-Apr-2006,Gary,22,33,5280,6600,0.040872,0.049864
4/5/2006,5-Apr-2006,Gary,22,33,5280,6600,0.040868,0.049860
4/6/2006,6-Apr-2006,Gary,21,25,5040,5000,0.034160,0.041675
4/7/2006,7-Apr-2006,Gary,20,34,4800,6800,0.040124,0.048952
4/8/2006,8-Apr-2006,Gary,21,29,5040,5800,0.037124,0.045292
4/9/2006,9-Apr-2006,Gary,21,25,5040,5000,0.034184,0.041705
4/10/2006,10-Apr-2006,Gary,20,28,4800,5600,0.035658,0.043503
4/11/2006,11-Apr-2006,Gary,24,33,5760,6600,0.042361,0.051680
4/12/2006,12-Apr-2006,Gary,24,26,5760,5200,0.037156,0.045330
4/13/2006,13-Apr-2006,Gary,21,26,5040,5200,0.034923,0.042606
4/14/2006,14-Apr-2006,Gary,22,26,5280,5200,0.035673,0.043521
4/15/2006,15-Apr-2006,Gary,22,27,5280,5400,0.036397,0.044405
4/16/2006,16-Apr-2006,Gary,23,26,5520,5200,0.036397,0.044404
4/17/2006,17-Apr-2006,Gary,23,27,5520,5400,0.037154,0.045328
4/18/2006,18-Apr-2006,Gary,21,26,5040,5200,0.034926,0.042609
4/19/2006,19-Apr-2006,Gary,24,25,5760,5000,0.036403,0.044412
4/20/2006,20-Apr-2006,Gary,23,29,5520,5800,0.038614,0.047109
4/21/2006,21-Apr-2006,Gary,22,34,5280,6800,0.041604,0.050757
4/22/2006,22-Apr-2006,Gary,20,34,4800,6800,0.040131,0.048960
4/23/2006,23-Apr-2006,Gary,24,32,5760,6400,0.041616,0.050771
4/24/2006,24-Apr-2006,Gary,21,28,5040,5600,0.036394,0.044401
4/25/2006,25-Apr-2006,Gary,21,29,5040,5800,0.037153,0.045326
4/26/2006,26-Apr-2006,Gary,20,30,4800,6000,0.037159,0.045333
4/27/2006,27-Apr-2006,Gary,21,32,5040,6400,0.039352,0.048009
4/28/2006,28-Apr-2006,Gary,22,33,5280,6600,0.040876,0.049868
4/29/2006,29-Apr-2006,Gary,22,34,5280,6800,0.041599,0.050750
4/30/2006,30-Apr-2006,Gary,22,31,5280,6200,0.039385,0.048050
5/1/2006,1-May-2006,Gary,20,32,4800,6400,0.038635,0.047135
5/2/2006,2-May-2006,Gary,24,32,5760,6400,0.041612,0.050767
5/3/2006,3-May-2006,Gary,22,28,5280,5600,0.037124,0.045292
5/4/2006,4-May-2006,Gary,20,26,4800,5200,0.034180,0.041700
5/5/2006,5-May-2006,Gary,21,28,5040,5600,0.036403,0.044412
5/6/2006,6-May-2006,Gary,24,34,5760,6800,0.043096,0.052577
5/7/2006,7-May-2006,Gary,20,27,4800,5400,0.034927,0.042611
5/8/2006,8-May-2006,Gary,23,30,5520,6000,0.039372,0.048033
5/9/2006,9-May-2006,Gary,21,33,5040,6600,0.040125,0.048953
5/10/2006,10-May-2006,Gary,24,26,5760,5200,0.037148,0.045321
5/11/2006,11-May-2006,Gary,21,30,5040,6000,0.037901,0.046239
5/12/2006,12-May-2006,Gary,20,30,4800,6000,0.037160,0.045335
5/13/2006,13-May-2006,Gary,23,26,5520,5200,0.036391,0.044398
5/14/2006,14-May-2006,Gary,20,29,4800,5800,0.036410,0.044420
5/15/2006,15-May-2006,Gary,22,31,5280,6200,0.039353,0.048010
5/16/2006,16-May-2006,Gary,22,34,5280,6800,0.041620,0.050776
5/17/2006,17-May-2006,Gary,21,31,5040,6200,0.038645,0.047147
5/18/2006,18-May-2006,Gary,20,31,4800,6200,0.037879,0.046213
5/19/2006,19-May-2006,Gary,24,27,5760,5400,0.037884,0.046218
5/20/2006,20-May-2006,Gary,22,30,5280,6000,0.038639,0.047140
5/21/2006,21-May-2006,Gary,22,32,5280,6400,0.040125,0.048952
5/22/2006,22-May-2006,Gary,23,33,5520,6600,0.041606,0.050759
5/23/2006,23-May-2006,Gary,22,30,5280,6000,0.038638,0.047138
5/24/2006,24-May-2006,Gary,21,28,5040,5600,0.036415,0.044427
5/25/2006,25-May-2006,Gary,24,34,5760,6800,0.043101,0.052583
5/26/2006,26-May-2006,Gary,23,29,5520,5800,0.038609,0.047103
5/27/2006,27-May-2006,Gary,20,33,4800,6600,0.039357,0.048016
5/28/2006,28-May-2006,Gary,21,34,5040,6800,0.040866,0.049856
5/29/2006,29-May-2006,Gary,24,29,5760,5800,0.039383,0.048048
5/30/2006,30-May-2006,Gary,21,32,5040,6400,0.039368,0.048029
5/31/2006,31-May-2006,Gary,22,34,5280,6800,0.041601,0.050753
6/1/2006,1-Jun-2006,Gary,23,29,5520,5800,0.038616,0.047112
6/2/2006,2-Jun-2006,Gary,22,34,5280,6800,0.041594,0.050745
6/3/2006,3-Jun-2006,Gary,20,26,4800,5200,0.034182,0.041702
6/4/2006,4-Jun-2006,Gary,22,30,5280,6000,0.038646,0.047148
6/5/2006,5-Jun-2006,Gary,23,28,5520,5600,0.037899,0.046237
6/6/2006,6-Jun-2006,Gary,24,25,5760,5000,0.036408,0.044418
6/7/2006,7-Jun-2006,Gary,24,34,5760,6800,0.043067,0.052541
6/8/2006,8-Jun-2006,Gary,21,30,5040,6000,0.037884,0.046218
6/9/2006,9-Jun-2006,Gary,24,34,5760,6800,0.043089,0.052569
6/10/2006,10-Jun-2006,Gary,24,32,5760,6400,0.041613,0.050767
6/11/2006,11-Jun-2006,Gary,21,33,5040,6600,0.040130,0.048959
6/12/2006,12-Jun-2006,Gary,24,30,5760,6000,0.040115,0.048940
6/13/2006,13-Jun-2006,Gary,22,30,5280,6000,0.038613,0.047108
6/14/2006,14-Jun-2006,Gary,22,30,5280,6000,0.038634,0.047133
6/15/2006,15-Jun-2006,Gary,22,34,5280,6800,0.041612,0.050767
6/16/2006,16-Jun-2006,Gary,21,34,5040,6800,0.040857,0.049846
6/17/2006,17-Jun-2006,Gary,21,25,5040,5000,0.034173,0.041691
6/18/2006,18-Jun-2006,Gary,21,26,5040,5200,0.034912,0.042592
6/19/2006,19-Jun-2006,Gary,24,28,5760,5600,0.038635,0.047135
6/20/2006,20-Jun-2006,Gary,23,33,5520,6600,0.041613,0.050768
6/21/2006,21-Jun-2006,Gary,21,29,5040,5800,0.037150,0.045323
6/22/2006,22-Jun-2006,Gary,23,28,5520,5600,0.037881,0.046215
6/23/2006,23-Jun-2006,Gary,23,32,5520,6400,0.040867,0.049858
6/24/2006,24-Jun-2006,Gary,23,33,5520,6600,0.041614,0.050770
6/25/2006,25-Jun-2006,Gary,22,30,5280,6000,0.038620,0.047116
6/26/2006,26-Jun-2006,Gary,24,28,5760,5600,0.038644,0.047146
6/27/2006,27-Jun-2006,Gary,24,28,5760,5600,0.038647,0.047149
6/28/2006,28-Jun-2006,Gary,21,34,5040,6800,0.040837,0.049822
6/29/2006,29-Jun-2006,Gary,24,33,5760,6600,0.042337,0.051651
6/30/2006,30-Jun-2006,Gary,23,29,5520,5800,0.038640,0.047140
7/1/2006,1-Jul-2006,Gary,24,27,5760,5400,0.037891,0.046227
7/2/2006,2-Jul-2006,Gary,22,29,5280,5800,0.037872,0.046204
7/3/2006,3-Jul-2006,Gary,23,26,5520,5200,0.036377,0.044380
7/4/2006,4-Jul-2006,Gary,21,29,5040,5800,0.037125,0.045292
7/5/2006,5-Jul-2006,Gary,22,27,5280,5400,0.036405,0.044415
7/6/2006,6-Jul-2006,Gary,20,33,4800,6600,0.039390,0.048056
7/7/2006,7-Jul-2006,Gary,22,27,5280,5400,0.036413,0.044424
7/8/2006,8-Jul-2006,Gary,22,30,5280,6000,0.038613,0.047108
7/9/2006,9-Jul-2006,Gary,21,29,5040,5800,0.037148,0.045321
7/10/2006,10-Jul-2006,Gary,24,31,5760,6200,0.040866,0.049857
7/11/2006,11-Jul-2006,Gary,23,27,5520,5400,0.037147,0.045319
7/12/2006,12-Jul-2006,Gary,24,26,5760,5200,0.037147,0.045319
7/13/2006,13-Jul-2006,Gary,24,28,5760,5600,0.038604,0.047097
7/14/2006,14-Jul-2006,Gary,21,29,5040,5800,0.037130,0.045299
7/15/2006,15-Jul-2006,Gary,21,26,5040,5200,0.034915,0.042597
7/16/2006,16-Jul-2006,Gary,21,31,5040,6200,0.038633,0.047132
7/17/2006,17-Jul-2006,Gary,24,33,5760,6600,0.042345,0.051661
7/18/2006,18-Jul-2006,Gary,22,28,5280,5600,0.037129,0.045298
7/19/2006,19-Jul-2006,Gary,20,29,4800,5800,0.036404,0.044413
7/20/2006,20-Jul-2006,Gary,22,33,5280,6600,0.040875,0.049868
7/21/2006,21-Jul-2006,Gary,20,26,4800,5200,0.034188,0.041709
7/22/2006,22-Jul-2006,Gary,22,34,5280,6800,0.041601,0.050754
7/23/2006,23-Jul-2006,Gary,24,34,5760,6800,0.043105,0.052588
7/24/2006,24-Jul-2006,Gary,21,26,5040,5200,0.034925,0.042609
7/25/2006,25-Jul-2006,Gary,22,25,5280,5000,0.034899,0.042576
7/26/2006,26-Jul-2006,Gary,24,26,5760,5200,0.037158,0.045333
7/27/2006,27-Jul-2006,Gary,23,27,5520,5400,0.037126,0.045294
7/28/2006,28-Jul-2006,Gary,24,31,5760,6200,0.040872,0.049864
7/29/2006,29-Jul-2006,Gary,23,26,5520,5200,0.036404,0.044413
7/30/2006,30-Jul-2006,Gary,21,31,5040,6200,0.038641,0.047142
7/31/2006,31-Jul-2006,Gary,24,28,5760,5600,0.038614,0.047109
8/1/2006,1-Aug-2006,Gary,23,33,5520,6600,0.041616,0.050771
8/2/2006,2-Aug-2006,Gary,22,25,5280,5000,0.034922,0.042605
8/3/2006,3-Aug-2006,Gary,23,25,5520,5000,0.035670,0.043518
8/4/2006,4-Aug-2006,Gary,24,26,5760,5200,0.037155,0.045329
8/5/2006,5-Aug-2006,Gary,22,25,5280,5000,0.034929,0.042613
8/6/2006,6-Aug-2006,Gary,21,27,5040,5400,0.035673,0.043521
8/7/2006,7-Aug-2006,Gary,24,31,5760,6200,0.040848,0.049835
8/8/2006,8-Aug-2006,Gary,22,30,5280,6000,0.038621,0.047118
8/9/2006,9-Aug-2006,Gary,23,25,5520,5000,0.035674,0.043522
8/10/2006,10-Aug-2006,Gary,20,25,4800,5000,0.033429,0.040783
8/11/2006,11-Aug-2006,Gary,21,34,5040,6800,0.040875,0.049868
8/12/2006,12-Aug-2006,Gary,21,29,5040,5800,0.037154,0.045328
8/13/2006,13-Aug-2006,Gary,24,29,5760,5800,0.039384,0.048048
8/14/2006,14-Aug-2006,Gary,24,29,5760,5800,0.039346,0.048002
8/15/2006,15-Aug-2006,Gary,23,28,5520,5600,0.037900,0.046238
8/16/2006,16-Aug-2006,Gary,21,28,5040,5600,0.036415,0.044426
8/17/2006,17-Aug-2006,Gary,21,33,5040,6600,0.040123,0.048950
8/18/2006,18-Aug-2006,Gary,23,25,5520,5000,0.035661,0.043507
8/19/2006,19-Aug-2006,Gary,21,32,5040,6400,0.039377,0.048040
8/20/2006,20-Aug-2006,Gary,21,26,5040,5200,0.034929,0.042614
8/21/2006,21-Aug-2006,Gary,24,30,5760,6000,0.040106,0.048929
8/22/2006,22-Aug-2006,Gary,21,25,5040,5000,0.034182,0.041702
8/23/2006,23-Aug-2006,Gary,20,31,4800,6200,0.037893,0.046230
8/24/2006,24-Aug-2006,Gary,24,29,5760,5800,0.039358,0.048017
8/25/2006,25-Aug-2006,Gary,23,25,5520,5000,0.035672,0.043520
8/26/2006,26-Aug-2006,Gary,21,29,5040,5800,0.037155,0.045329
8/27/2006,27-Aug-2006,Gary,23,31,5520,6200,0.040114,0.048939
8/28/2006,28-Aug-2006,Gary,23,27,5520,5400,0.037143,0.045315
8/29/2006,29-Aug-2006,Gary,24,31,5760,6200,0.040857,0.049845
8/30/2006,30-Aug-2006,Gary,21,28,5040,5600,0.036408,0.044418
8/31/2006,31-Aug-2006,Gary,21,27,5040,5400,0.035657,0.043502
9/1/2006,1-Sep-2006,Gary,20,32,4800,6400,0.038605,0.047098
9/2/2006,2-Sep-2006,Gary,23,34,5520,6800,0.042348,0.051664
9/3/2006,3-Sep-2006,Gary,23,27,5520,5400,0.037134,0.045303
9/4/2006,4-Sep-2006,Gary,23,25,5520,5000,0.035655,0.043499
9/5/2006,5-Sep-2006,Gary,24,30,5760,6000,0.040103,0.048926
9/6/2006,6-Sep-2006,Gary,23,34,5520,6800,0.042360,0.051679
9/7/2006,7-Sep-2006,Gary,23,31,5520,6200,0.040121,0.048948
9/8/2006,8-Sep-2006,Gary,24,28,5760,5600,0.038630,0.047128
9/9/2006,9-Sep-2006,Gary,21,28,5040,5600,0.036410,0.044420
9/10/2006,10-Sep-2006,Gary,21,34,5040,6800,0.040862,0.049852
9/11/2006,11-Sep-2006,Gary,24,33,5760,6600,0.042352,0.051669
9/12/2006,12-Sep-2006,Gary,22,30,5280,6000,0.038634,0.047134
9/13/2006,13-Sep-2006,Gary,20,25,4800,5000,0.033424,0.040778
9/14/2006,14-Sep-2006,Gary,22,31,5280,6200,0.039369,0.048030
9/15/2006,15-Sep-2006,Gary,21,28,5040,5600,0.036404,0.044412
9/16/2006,16-Sep-2006,Gary,23,32,5520,6400,0.040846,0.049832
9/17/2006,17-Sep-2006,Gary,21,32,5040,6400,0.039385,0.048050
9/18/2006,18-Sep-2006,Gary,23,33,5520,6600,0.041612,0.050766
9/19/2006,19-Sep-2006,Gary,20,28,4800,5600,0.035668,0.043515
9/20/2006,20-Sep-2006,Gary,23,31,5520,6200,0.040126,0.048954
9/21/2006,21-Sep-2006,Gary,21,27,5040,5400,0.035641,0.043482
9/22/2006,22-Sep-2006,Gary,20,31,4800,6200,0.037870,0.046202
9/23/2006,23-Sep-2006,Gary,24,25,5760,5000,0.036414,0.044426
9/24/2006,24-Sep-2006,Gary,24,32,5760,6400,0.041617,0.050772
9/25/2006,25-Sep-2006,Gary,23,33,5520,6600,0.041595,0.050746
9/26/2006,26-Sep-2006,Gary,20,31,4800,6200,0.037893,0.046230
9/27/2006,27-Sep-2006,Gary,24,32,5760,6400,0.041584,0.050733
9/28/2006,28-Sep-2006,Gary,21,29,5040,5800,0.037155,0.045329
9/29/2006,29-Sep-2006,Gary,24,25,5760,5000,0.036383,0.044387
9/30/2006,30-Sep-2006,Gary,23,29,5520,5800,0.038635,0.047135
10/1/2006,1-Oct-2006,Gary,22,32,5280,6400,0.040130,0.048958
10/2/2006,2-Oct-2006,Gary,21,34,5040,6800,0.040843,0.049829
10/3/2006,3-Oct-2006,Gary,22,30,5280,6000,0.038623,0.047120
10/4/2006,4-Oct-2006,Gary,24,29,5760,5800,0.039351,0.048008
10/5/2006,5-Oct-2006,Gary,21,25,5040,5000,0.034163,0.041679
10/6/2006,6-Oct-2006,Gary,24,31,5760,6200,0.040865,0.049856
10/7/2006,7-Oct-2006,Gary,21,29,5040,5800,0.037149,0.045321
10/8/2006,8-Oct-2006,Gary,21,30,5040,6000,0.037870,0.046201
10/9/2006,9-Oct-2006,Gary,21,31,5040,6200,0.038636,0.047136
10/10/2006,10-Oct-2006,Gary,23,29,5520,5800,0.038643,0.047144
10/11/2006,11-Oct-2006,Gary,21,28,5040,5600,0.036383,0.044387
10/12/2006,12-Oct-2006,Gary,22,32,5280,6400,0.040110,0.048935
10/13/2006,13-Oct-2006,Gary,22,27,5280,5400,0.036414,0.044425
10/14/2006,14-Oct-2006,Gary,22,32,5280,6400,0.040128,0.048957
10/15/2006,15-Oct-2006,Gary,23,34,5520,6800,0.042327,0.051639
10/16/2006,16-Oct-2006,Gary,23,31,5520,6200,0.040129,0.048957
10/17/2006,17-Oct-2006,Gary,20,29,4800,5800,0.036412,0.044423
10/18/2006,18-Oct-2006,Gary,21,29,5040,5800,0.037155,0.045330
10/19/2006,19-Oct-2006,Gary,24,27,5760,5400,0.037891,0.046227
10/20/2006,20-Oct-2006,Gary,21,33,5040,6600,0.040126,0.048954
10/21/2006,21-Oct-2006,Gary,21,33,5040,6600,0.040113,0.048938
10/22/2006,22-Oct-2006,Gary,22,28,5280,5600,0.037158,0.045333
10/23/2006,23-Oct-2006,Gary,20,27,4800,5400,0.034896,0.042573
10/24/2006,24-Oct-2006,Gary,21,29,5040,5800,0.037155,0.045329
10/25/2006,25-Oct-2006,Gary,24,29,5760,5800,0.039363,0.048023
10/26/2006,26-Oct-2006,Gary,20,30,4800,6000,0.037134,0.045303
10/27/2006,27-Oct-2006,Gary,22,34,5280,6800,0.041588,0.050737
10/28/2006,28-Oct-2006,Gary,20,26,4800,5200,0.034170,0.041687
10/29/2006,29-Oct-2006,Gary,24,30,5760,6000,0.040133,0.048962
10/30/2006,30-Oct-2006,Gary,24,26,5760,5200,0.037121,0.045288
10/31/2006,31-Oct-2006,Gary,21,26,5040,5200,0.034906,0.042585
11/1/2006,1-Nov-2006,Gary,20,30,4800,6000,0.037135,0.045305
11/2/2006,2-Nov-2006,Gary,21,27,5040,5400,0.035669,0.043517
11/3/2006,3-Nov-2006,Gary,21,30,5040,6000,0.037902,0.046240
11/4/2006,4-Nov-2006,Gary,22,26,5280,5200,0.035672,0.043520
11/5/2006,5-Nov-2006,Gary,23,29,5520,5800,0.038639,0.047140
11/6/2006,6-Nov-2006,Gary,21,26,5040,5200,0.034925,0.042609
11/7/2006,7-Nov-2006,Gary,22,29,5280,5800,0.037883,0.046217
11/8/2006,8-Nov-2006,Gary,20,28,4800,5600,0.035670,0.043518
11/9/2006,9-Nov-2006,Gary,21,25,5040,5000,0.034170,0.041687
11/10/2006,10-Nov-2006,Gary,21,32,5040,6400,0.039372,0.048034
11/11/2006,11-Nov-2006,Gary,22,34,5280,6800,0.041615,0.050770
11/12/2006,12-Nov-2006,Gary,21,34,5040,6800,0.040853,0.049841
11/13/2006,13-Nov-2006,Gary,24,31,5760,6200,0.040843,0.049828
11/14/2006,14-Nov-2006,Gary,20,33,4800,6600,0.039378,0.048041
11/15/2006,15-Nov-2006,Gary,21,32,5040,6400,0.039350,0.048007
11/16/2006,16-Nov-2006,Gary,20,28,4800,5600,0.035667,0.043513
11/17/2006,17-Nov-2006,Gary,21,29,5040,5800,0.037150,0.045324
11/18/2006,18-Nov-2006,Gary,24,27,5760,5400,0.037875,0.046207
11/19/2006,19-Nov-2006,Gary,20,26,4800,5200,0.034173,0.041691
11/20/2006,20-Nov-2006,Gary,24,29,5760,5800,0.039390,0.048055
11/21/2006,21-Nov-2006,Gary,23,29,5520,5800,0.038643,0.047145
11/22/2006,22-Nov-2006,Gary,21,26,5040,5200,0.034906,0.042586
11/23/2006,23-Nov-2006,Gary,24,34,5760,6800,0.043077,0.052554
11/24/2006,24-Nov-2006,Gary,24,34,5760,6800,0.043101,0.052583
11/25/2006,25-Nov-2006,Gary,21,28,5040,5600,0.036413,0.044424
11/26/2006,26-Nov-2006,Gary,21,30,5040,6000,0.037883,0.046217
11/27/2006,27-Nov-2006,Gary,20,25,4800,5000,0.033444,0.040802
11/28/2006,28-Nov-2006,Gary,24,28,5760,5600,0.038642,0.047144
11/29/2006,29-Nov-2006,Gary,22,25,5280,5000,0.034911,0.042592
11/30/2006,30-Nov-2006,Gary,20,34,4800,6800,0.040132,0.048961
12/1/2006,1-Dec-2006,Gary,20,25,4800,5000,0.033444,0.040802
12/2/2006,2-Dec-2006,Gary,23,28,5520,5600,0.037886,0.046221
12/3/2006,3-Dec-2006,Gary,22,30,5280,6000,0.038643,0.047144
12/4/2006,4-Dec-2006,Gary,21,32,5040,6400,0.039389,0.048055
12/5/2006,5-Dec-2006,Gary,23,30,5520,6000,0.039383,0.048047
12/6/2006,6-Dec-2006,Gary,23,26,5520,5200,0.036388,0.044393
12/7/2006,7-Dec-2006,Gary,20,27,4800,5400,0.034922,0.042604
12/8/2006,8-Dec-2006,Gary,21,26,5040,5200,0.034918,0.042600
12/9/2006,9-Dec-2006,Gary,24,32,5760,6400,0.041616,0.050772
12/10/2006,10-Dec-2006,Gary,22,27,5280,5400,0.036409,0.044419
12/11/2006,11-Dec-2006,Gary,20,27,4800,5400,0.034907,0.042586
12/12/2006,12-Dec-2006,Gary,24,34,5760,6800,0.043079,0.052556
12/13/2006,13-Dec-2006,Gary,24,32,5760,6400,0.041597,0.050748
12/14/2006,14-Dec-2006,Gary,20,27,4800,5400,0.034895,0.042571
12/15/2006,15-Dec-2006,Gary,22,30,5280,6000,0.038630,0.047129
12/16/2006,16-Dec-2006,Gary,23,25,5520,5000,0.035668,0.043515
12/17/2006,17-Dec-2006,Gary,22,26,5280,5200,0.035671,0.043518
12/18/2006,18-Dec-2006,Gary,23,26,5520,5200,0.036378,0.044381
12/19/2006,19-Dec-2006,Gary,20,28,4800,5600,0.035647,0.043489
12/20/2006,20-Dec-2006,Gary,22,34,5280,6800,0.041604,0.050757
12/21/2006,21-Dec-2006,Gary,22,34,5280,6800,0.041619,0.050776
12/22/2006,22-Dec-2006,Gary,20,34,4800,6800,0.040093,0.048913
12/23/2006,23-Dec-2006,Gary,22,32,5280,6400,0.040096,0.048917
12/24/2006,24-Dec-2006,Gary,23,26,5520,5200,0.036409,0.044418
12/25/2006,25-Dec-2006,Gary,22,33,5280,6600,0.040836,0.049820
12/26/2006,26-Dec-2006,Gary,20,33,4800,6600,0.039362,0.048022
12/27/2006,27-Dec-2006,Gary,20,32,4800,6400,0.038630,0.047128
12/28/2006,28-Dec-2006,Gary,22,26,5280,5200,0.035661,0.043506
12/29/2006,29-Dec-2006,Gary,20,34,4800,6800,0.040092,0.048912
12/30/2006,30-Dec-2006,Gary,21,27,5040,5400,0.035635,0.043475
12/31/2005,31-Dec-2005,SunChem,12,13,115200,99840,0.009758,0.012197
1/1/2006,1-Jan-2006,SunChem,13,13,124800,99840,0.010152,0.012690
1/2/2006,2-Jan-2006,SunChem,14,14,134400,107520,0.010923,0.013654
1/3/2006,3-Jan-2006,SunChem,14,15,134400,115200,0.011315,0.014143
1/4/2006,4-Jan-2006,SunChem,13,14,124800,107520,0.010540,0.013175
1/5/2006,5-Jan-2006,SunChem,14,13,134400,99840,0.010536,0.013170
1/6/2006,6-Jan-2006,SunChem,13,15,124800,115200,0.010923,0.013654
1/7/2006,7-Jan-2006,SunChem,13,17,124800,130560,0.011711,0.014639
1/8/2006,8-Jan-2006,SunChem,12,13,115200,99840,0.009763,0.012204
1/9/2006,9-Jan-2006,SunChem,13,15,124800,115200,0.010934,0.013667
1/10/2006,10-Jan-2006,SunChem,12,17,115200,130560,0.011316,0.014145
1/11/2006,11-Jan-2006,SunChem,12,16,115200,122880,0.010934,0.013667
1/12/2006,12-Jan-2006,SunChem,14,15,134400,115200,0.011321,0.014151
1/13/2006,13-Jan-2006,SunChem,13,13,124800,99840,0.010153,0.012691
1/14/2006,14-Jan-2006,SunChem,13,16,124800,122880,0.011321,0.014151
1/15/2006,15-Jan-2006,SunChem,14,15,134400,115200,0.011317,0.014146
1/16/2006,16-Jan-2006,SunChem,14,16,134400,122880,0.011710,0.014638
1/17/2006,17-Jan-2006,SunChem,12,13,115200,99840,0.009761,0.012201
1/18/2006,18-Jan-2006,SunChem,14,17,134400,130560,0.012106,0.015132
1/19/2006,19-Jan-2006,SunChem,14,13,134400,99840,0.010544,0.013179
1/20/2006,20-Jan-2006,SunChem,14,16,134400,122880,0.011715,0.014643
1/21/2006,21-Jan-2006,SunChem,14,17,134400,130560,0.012106,0.015132
1/22/2006,22-Jan-2006,SunChem,14,13,134400,99840,0.010542,0.013178
1/23/2006,23-Jan-2006,SunChem,14,17,134400,130560,0.012105,0.015132
1/24/2006,24-Jan-2006,SunChem,14,14,134400,107520,0.010933,0.013666
1/25/2006,25-Jan-2006,SunChem,13,14,124800,107520,0.010543,0.013179
1/26/2006,26-Jan-2006,SunChem,14,16,134400,122880,0.011716,0.014644
1/27/2006,27-Jan-2006,SunChem,13,15,124800,115200,0.010926,0.013657
1/28/2006,28-Jan-2006,SunChem,12,14,115200,107520,0.010154,0.012693
1/29/2006,29-Jan-2006,SunChem,13,14,124800,107520,0.010540,0.013175
1/30/2006,30-Jan-2006,SunChem,12,17,115200,130560,0.011319,0.014148
1/31/2006,31-Jan-2006,SunChem,12,15,115200,115200,0.010538,0.013173
2/1/2006,1-Feb-2006,SunChem,14,13,134400,99840,0.010541,0.013176
2/2/2006,2-Feb-2006,SunChem,14,13,134400,99840,0.010542,0.013178
2/3/2006,3-Feb-2006,SunChem,14,15,134400,115200,0.011315,0.014144
2/4/2006,4-Feb-2006,SunChem,14,13,134400,99840,0.010539,0.013173
2/5/2006,5-Feb-2006,SunChem,12,17,115200,130560,0.011318,0.014147
2/6/2006,6-Feb-2006,SunChem,12,17,115200,130560,0.011325,0.014157
2/7/2006,7-Feb-2006,SunChem,13,14,124800,107520,0.010542,0.013178
2/8/2006,8-Feb-2006,SunChem,13,13,124800,99840,0.010152,0.012690
2/9/2006,9-Feb-2006,SunChem,12,17,115200,130560,0.011323,0.014154
2/10/2006,10-Feb-2006,SunChem,13,14,124800,107520,0.010540,0.013175
2/11/2006,11-Feb-2006,SunChem,14,17,134400,130560,0.012107,0.015133
2/12/2006,12-Feb-2006,SunChem,14,13,134400,99840,0.010543,0.013179
2/13/2006,13-Feb-2006,SunChem,14,14,134400,107520,0.010933,0.013667
2/14/2006,14-Feb-2006,SunChem,13,14,124800,107520,0.010544,0.013180
2/15/2006,15-Feb-2006,SunChem,14,13,134400,99840,0.010541,0.013176
2/16/2006,16-Feb-2006,SunChem,14,15,134400,115200,0.011320,0.014150
2/17/2006,17-Feb-2006,SunChem,12,16,115200,122880,0.010933,0.013666
2/18/2006,18-Feb-2006,SunChem,14,13,134400,99840,0.010536,0.013170
2/19/2006,19-Feb-2006,SunChem,14,13,134400,99840,0.010543,0.013178
2/20/2006,20-Feb-2006,SunChem,12,17,115200,130560,0.011321,0.014152
2/21/2006,21-Feb-2006,SunChem,13,14,124800,107520,0.010540,0.013175
2/22/2006,22-Feb-2006,SunChem,12,17,115200,130560,0.011321,0.014152
2/23/2006,23-Feb-2006,SunChem,14,13,134400,99840,0.010539,0.013174
2/24/2006,24-Feb-2006,SunChem,13,16,124800,122880,0.011318,0.014147
2/25/2006,25-Feb-2006,SunChem,12,17,115200,130560,0.011322,0.014153
2/26/2006,26-Feb-2006,SunChem,13,17,124800,130560,0.011715,0.014644
2/27/2006,27-Feb-2006,SunChem,13,16,124800,122880,0.011323,0.014154
2/28/2006,28-Feb-2006,SunChem,14,14,134400,107520,0.010932,0.013664
3/1/2006,1-Mar-2006,SunChem,12,15,115200,115200,0.010539,0.013174
3/2/2006,2-Mar-2006,SunChem,14,16,134400,122880,0.011706,0.014633
3/3/2006,3-Mar-2006,SunChem,14,14,134400,107520,0.010927,0.013659
3/4/2006,4-Mar-2006,SunChem,12,13,115200,99840,0.009753,0.012191
3/5/2006,5-Mar-2006,SunChem,13,14,124800,107520,0.010543,0.013179
3/6/2006,6-Mar-2006,SunChem,14,13,134400,99840,0.010539,0.013174
3/7/2006,7-Mar-2006,SunChem,13,13,124800,99840,0.010152,0.012690
3/8/2006,8-Mar-2006,SunChem,14,13,134400,99840,0.010544,0.013180
3/9/2006,9-Mar-2006,SunChem,14,14,134400,107520,0.010923,0.013654
3/10/2006,10-Mar-2006,SunChem,13,16,124800,122880,0.011322,0.014152
3/11/2006,11-Mar-2006,SunChem,14,16,134400,122880,0.011716,0.014645
3/12/2006,12-Mar-2006,SunChem,14,14,134400,107520,0.010929,0.013662
3/13/2006,13-Mar-2006,SunChem,12,15,115200,115200,0.010542,0.013178
3/14/2006,14-Mar-2006,SunChem,13,16,124800,122880,0.011322,0.014153
3/15/2006,15-Mar-2006,SunChem,14,14,134400,107520,0.010924,0.013655
3/16/2006,16-Mar-2006,SunChem,13,15,124800,115200,0.010927,0.013658
3/17/2006,17-Mar-2006,SunChem,13,13,124800,99840,0.010144,0.012680
3/18/2006,18-Mar-2006,SunChem,13,16,124800,122880,0.011315,0.014144
3/19/2006,19-Mar-2006,SunChem,13,14,124800,107520,0.010544,0.013180
3/20/2006,20-Mar-2006,SunChem,14,14,134400,107520,0.010931,0.013664
3/21/2006,21-Mar-2006,SunChem,14,17,134400,130560,0.012105,0.015132
3/22/2006,22-Mar-2006,SunChem,12,14,115200,107520,0.010147,0.012684
3/23/2006,23-Mar-2006,SunChem,13,15,124800,115200,0.010934,0.013668
3/24/2006,24-Mar-2006,SunChem,14,13,134400,99840,0.010543,0.013178
3/25/2006,25-Mar-2006,SunChem,12,17,115200,130560,0.011325,0.014156
3/26/2006,26-Mar-2006,SunChem,13,13,124800,99840,0.010153,0.012691
3/27/2006,27-Mar-2006,SunChem,14,16,134400,122880,0.011716,0.014645
3/28/2006,28-Mar-2006,SunChem,13,14,124800,107520,0.010542,0.013178
3/29/2006,29-Mar-2006,SunChem,14,17,134400,130560,0.012097,0.015121
3/30/2006,30-Mar-2006,SunChem,14,13,134400,99840,0.010543,0.013178
3/31/2006,31-Mar-2006,SunChem,13,15,124800,115200,0.010932,0.013665
4/1/2006,1-Apr-2006,SunChem,14,14,134400,107520,0.010934,0.013667
4/2/2006,2-Apr-2006,SunChem,12,17,115200,130560,0.011316,0.014145
4/3/2006,3-Apr-2006,SunChem,14,15,134400,115200,0.011322,0.014152
4/4/2006,4-Apr-2006,SunChem,14,14,134400,107520,0.010935,0.013668
4/5/2006,5-Apr-2006,SunChem,13,16,124800,122880,0.011313,0.014142
4/6/2006,6-Apr-2006,SunChem,13,15,124800,115200,0.010933,0.013666
4/7/2006,7-Apr-2006,SunChem,13,15,124800,115200,0.010933,0.013666
4/8/2006,8-Apr-2006,SunChem,12,17,115200,130560,0.011320,0.014150
4/9/2006,9-Apr-2006,SunChem,12,15,115200,115200,0.010542,0.013178
4/10/2006,10-Apr-2006,SunChem,14,15,134400,115200,0.011323,0.014154
4/11/2006,11-Apr-2006,SunChem,14,13,134400,99840,0.010542,0.013177
4/12/2006,12-Apr-2006,SunChem,13,17,124800,130560,0.011709,0.014636
4/13/2006,13-Apr-2006,SunChem,12,16,115200,122880,0.010933,0.013666
4/14/2006,14-Apr-2006,SunChem,14,17,134400,130560,0.012098,0.015123
4/15/2006,15-Apr-2006,SunChem,13,14,124800,107520,0.010544,0.013180
4/16/2006,16-Apr-2006,SunChem,14,14,134400,107520,0.010930,0.013663
4/17/2006,17-Apr-2006,SunChem,13,17,124800,130560,0.011711,0.014639
4/18/2006,18-Apr-2006,SunChem,12,16,115200,122880,0.010929,0.013661
4/19/2006,19-Apr-2006,SunChem,13,16,124800,122880,0.011323,0.014154
4/20/2006,20-Apr-2006,SunChem,12,17,115200,130560,0.011324,0.014155
4/21/2006,21-Apr-2006,SunChem,14,13,134400,99840,0.010544,0.013180
4/22/2006,22-Apr-2006,SunChem,13,16,124800,122880,0.011323,0.014154
4/23/2006,23-Apr-2006,SunChem,12,17,115200,130560,0.011325,0.014157
4/24/2006,24-Apr-2006,SunChem,13,16,124800,122880,0.011324,0.014155
4/25/2006,25-Apr-2006,SunChem,13,17,124800,130560,0.011711,0.014638
4/26/2006,26-Apr-2006,SunChem,14,13,134400,99840,0.010536,0.013170
4/27/2006,27-Apr-2006,SunChem,14,13,134400,99840,0.010539,0.013174
4/28/2006,28-Apr-2006,SunChem,14,14,134400,107520,0.010932,0.013665
4/29/2006,29-Apr-2006,SunChem,13,17,124800,130560,0.011712,0.014639
4/30/2006,30-Apr-2006,SunChem,14,16,134400,122880,0.011713,0.014641
5/1/2006,1-May-2006,SunChem,14,16,134400,122880,0.011713,0.014641
5/2/2006,2-May-2006,SunChem,14,14,134400,107520,0.010934,0.013667
5/3/2006,3-May-2006,SunChem,14,14,134400,107520,0.010932,0.013665
5/4/2006,4-May-2006,SunChem,14,14,134400,107520,0.010935,0.013669
5/5/2006,5-May-2006,SunChem,14,14,134400,107520,0.010930,0.013662
5/6/2006,6-May-2006,SunChem,14,16,134400,122880,0.011714,0.014643
5/7/2006,7-May-2006,SunChem,12,16,115200,122880,0.010923,0.013654
5/8/2006,8-May-2006,SunChem,12,15,115200,115200,0.010535,0.013168
5/9/2006,9-May-2006,SunChem,12,15,115200,115200,0.010534,0.013168
5/10/2006,10-May-2006,SunChem,14,16,134400,122880,0.011704,0.014630
5/11/2006,11-May-2006,SunChem,13,17,124800,130560,0.011714,0.014643
5/12/2006,12-May-2006,SunChem,14,14,134400,107520,0.010933,0.013666
5/13/2006,13-May-2006,SunChem,12,14,115200,107520,0.010148,0.012686
5/14/2006,14-May-2006,SunChem,13,15,124800,115200,0.010931,0.013664
5/15/2006,15-May-2006,SunChem,12,15,115200,115200,0.010544,0.013180
5/16/2006,16-May-2006,SunChem,12,14,115200,107520,0.010146,0.012683
5/17/2006,17-May-2006,SunChem,13,16,124800,122880,0.011317,0.014146
5/18/2006,18-May-2006,SunChem,13,13,124800,99840,0.010153,0.012691
5/19/2006,19-May-2006,SunChem,12,13,115200,99840,0.009763,0.012204
5/20/2006,20-May-2006,SunChem,12,15,115200,115200,0.010543,0.013179
5/21/2006,21-May-2006,SunChem,12,16,115200,122880,0.010932,0.013666
5/22/2006,22-May-2006,SunChem,14,16,134400,122880,0.011712,0.014639
5/23/2006,23-May-2006,SunChem,14,13,134400,99840,0.010545,0.013181
5/24/2006,24-May-2006,SunChem,12,17,115200,130560,0.011322,0.014153
5/25/2006,25-May-2006,SunChem,12,16,115200,122880,0.010928,0.013660
5/26/2006,26-May-2006,SunChem,12,14,115200,107520,0.010153,0.012691
5/27/2006,27-May-2006,SunChem,12,15,115200,115200,0.010542,0.013178
5/28/2006,28-May-2006,SunChem,13,16,124800,122880,0.011314,0.014142
5/29/2006,29-May-2006,SunChem,14,15,134400,115200,0.011325,0.014156
5/30/2006,30-May-2006,SunChem,13,14,124800,107520,0.010543,0.013179
5/31/2006,31-May-2006,SunChem,12,14,115200,107520,0.010144,0.012680
6/1/2006,1-Jun-2006,SunChem,14,15,134400,115200,0.011323,0.014153
6/2/2006,2-Jun-2006,SunChem,12,17,115200,130560,0.011318,0.014148
6/3/2006,3-Jun-2006,SunChem,12,16,115200,122880,0.010933,0.013667
6/4/2006,4-Jun-2006,SunChem,13,13,124800,99840,0.010143,0.012679
6/5/2006,5-Jun-2006,SunChem,13,15,124800,115200,0.010935,0.013669
6/6/2006,6-Jun-2006,SunChem,12,17,115200,130560,0.011316,0.014146
6/7/2006,7-Jun-2006,SunChem,14,17,134400,130560,0.012102,0.015127
6/8/2006,8-Jun-2006,SunChem,13,15,124800,115200,0.010927,0.013658
6/9/2006,9-Jun-2006,SunChem,14,15,134400,115200,0.011319,0.014148
6/10/2006,10-Jun-2006,SunChem,13,16,124800,122880,0.011314,0.014142
6/11/2006,11-Jun-2006,SunChem,13,15,124800,115200,0.010924,0.013656
6/12/2006,12-Jun-2006,SunChem,12,15,115200,115200,0.010535,0.013169
6/13/2006,13-Jun-2006,SunChem,13,16,124800,122880,0.011325,0.014156
6/14/2006,14-Jun-2006,SunChem,12,14,115200,107520,0.010150,0.012687
6/15/2006,15-Jun-2006,SunChem,13,13,124800,99840,0.010147,0.012683
6/16/2006,16-Jun-2006,SunChem,12,14,115200,107520,0.010149,0.012686
6/17/2006,17-Jun-2006,SunChem,14,13,134400,99840,0.010542,0.013177
6/18/2006,18-Jun-2006,SunChem,14,14,134400,107520,0.010932,0.013665
6/19/2006,19-Jun-2006,SunChem,13,13,124800,99840,0.010153,0.012692
6/20/2006,20-Jun-2006,SunChem,12,15,115200,115200,0.010543,0.013179
6/21/2006,21-Jun-2006,SunChem,14,14,134400,107520,0.010930,0.013662
6/22/2006,22-Jun-2006,SunChem,13,14,124800,107520,0.010535,0.013169
6/23/2006,23-Jun-2006,SunChem,12,16,115200,122880,0.010925,0.013657
6/24/2006,24-Jun-2006,SunChem,12,14,115200,107520,0.010152,0.012690
6/25/2006,25-Jun-2006,SunChem,14,17,134400,130560,0.012098,0.015123
6/26/2006,26-Jun-2006,SunChem,12,15,115200,115200,0.010539,0.013173
6/27/2006,27-Jun-2006,SunChem,12,14,115200,107520,0.010153,0.012692
6/28/2006,28-Jun-2006,SunChem,12,17,115200,130560,0.011320,0.014149
6/29/2006,29-Jun-2006,SunChem,14,16,134400,122880,0.011715,0.014644
6/30/2006,30-Jun-2006,SunChem,12,15,115200,115200,0.010541,0.013176
7/1/2006,1-Jul-2006,SunChem,13,16,124800,122880,0.011325,0.014156
7/2/2006,2-Jul-2006,SunChem,12,13,115200,99840,0.009762,0.012203
7/3/2006,3-Jul-2006,SunChem,12,16,115200,122880,0.010932,0.013666
7/4/2006,4-Jul-2006,SunChem,14,15,134400,115200,0.011314,0.014143
7/5/2006,5-Jul-2006,SunChem,13,14,124800,107520,0.010542,0.013177
7/6/2006,6-Jul-2006,SunChem,12,15,115200,115200,0.010534,0.013167
7/7/2006,7-Jul-2006,SunChem,14,14,134400,107520,0.010927,0.013658
7/8/2006,8-Jul-2006,SunChem,13,14,124800,107520,0.010543,0.013179
7/9/2006,9-Jul-2006,SunChem,12,15,115200,115200,0.010541,0.013177
7/10/2006,10-Jul-2006,SunChem,14,14,134400,107520,0.010930,0.013663
7/11/2006,11-Jul-2006,SunChem,12,16,115200,122880,0.010935,0.013669
7/12/2006,12-Jul-2006,SunChem,14,13,134400,99840,0.010542,0.013178
7/13/2006,13-Jul-2006,SunChem,14,13,134400,99840,0.010535,0.013169
7/14/2006,14-Jul-2006,SunChem,13,16,124800,122880,0.011324,0.014155
7/15/2006,15-Jul-2006,SunChem,13,13,124800,99840,0.010153,0.012692
7/16/2006,16-Jul-2006,SunChem,14,13,134400,99840,0.010540,0.013175
7/17/2006,17-Jul-2006,SunChem,14,13,134400,99840,0.010536,0.013170
7/18/2006,18-Jul-2006,SunChem,13,14,124800,107520,0.010544,0.013180
7/19/2006,19-Jul-2006,SunChem,13,15,124800,115200,0.010933,0.013667
7/20/2006,20-Jul-2006,SunChem,14,15,134400,115200,0.011326,0.014157
7/21/2006,21-Jul-2006,SunChem,14,15,134400,115200,0.011322,0.014153
7/22/2006,22-Jul-2006,SunChem,13,17,124800,130560,0.011712,0.014639
7/23/2006,23-Jul-2006,SunChem,13,16,124800,122880,0.011322,0.014152
7/24/2006,24-Jul-2006,SunChem,12,16,115200,122880,0.010934,0.013668
7/25/2006,25-Jul-2006,SunChem,13,17,124800,130560,0.011711,0.014639
7/26/2006,26-Jul-2006,SunChem,14,14,134400,107520,0.010929,0.013661
7/27/2006,27-Jul-2006,SunChem,13,16,124800,122880,0.011325,0.014156
7/28/2006,28-Jul-2006,SunChem,13,16,124800,122880,0.011324,0.014155
7/29/2006,29-Jul-2006,SunChem,14,15,134400,115200,0.011322,0.014152
7/30/2006,30-Jul-2006,SunChem,14,14,134400,107520,0.010928,0.013660
7/31/2006,31-Jul-2006,SunChem,14,14,134400,107520,0.010923,0.013654
8/1/2006,1-Aug-2006,SunChem,14,14,134400,107520,0.010935,0.013669
8/2/2006,2-Aug-2006,SunChem,13,15,124800,115200,0.010929,0.013662
8/3/2006,3-Aug-2006,SunChem,13,17,124800,130560,0.011708,0.014635
8/4/2006,4-Aug-2006,SunChem,12,16,115200,122880,0.010924,0.013655
8/5/2006,5-Aug-2006,SunChem,13,16,124800,122880,0.011325,0.014156
8/6/2006,6-Aug-2006,SunChem,14,14,134400,107520,0.010935,0.013669
8/7/2006,7-Aug-2006,SunChem,13,17,124800,130560,0.011708,0.014634
8/8/2006,8-Aug-2006,SunChem,12,16,115200,122880,0.010935,0.013668
8/9/2006,9-Aug-2006,SunChem,12,14,115200,107520,0.010148,0.012685
8/10/2006,10-Aug-2006,SunChem,12,16,115200,122880,0.010934,0.013667
8/11/2006,11-Aug-2006,SunChem,14,14,134400,107520,0.010935,0.013669
8/12/2006,12-Aug-2006,SunChem,14,17,134400,130560,0.012107,0.015133
8/13/2006,13-Aug-2006,SunChem,13,15,124800,115200,0.010928,0.013660
8/14/2006,14-Aug-2006,SunChem,14,16,134400,122880,0.011712,0.014640
8/15/2006,15-Aug-2006,SunChem,13,16,124800,122880,0.011323,0.014154
8/16/2006,16-Aug-2006,SunChem,12,13,115200,99840,0.009757,0.012196
8/17/2006,17-Aug-2006,SunChem,13,17,124800,130560,0.011707,0.014633
8/18/2006,18-Aug-2006,SunChem,12,17,115200,130560,0.011314,0.014143
8/19/2006,19-Aug-2006,SunChem,12,15,115200,115200,0.010544,0.013180
8/20/2006,20-Aug-2006,SunChem,13,17,124800,130560,0.011716,0.014645
8/21/2006,21-Aug-2006,SunChem,14,14,134400,107520,0.010930,0.013662
8/22/2006,22-Aug-2006,SunChem,13,16,124800,122880,0.011324,0.014155
8/23/2006,23-Aug-2006,SunChem,14,13,134400,99840,0.010535,0.013169
8/24/2006,24-Aug-2006,SunChem,14,14,134400,107520,0.010930,0.013663
8/25/2006,25-Aug-2006,SunChem,12,13,115200,99840,0.009760,0.012200
8/26/2006,26-Aug-2006,SunChem,13,13,124800,99840,0.010147,0.012684
8/27/2006,27-Aug-2006,SunChem,13,17,124800,130560,0.011714,0.014642
8/28/2006,28-Aug-2006,SunChem,14,17,134400,130560,0.012096,0.015120
8/29/2006,29-Aug-2006,SunChem,13,14,124800,107520,0.010533,0.013166
8/30/2006,30-Aug-2006,SunChem,12,13,115200,99840,0.009761,0.012202
8/31/2006,31-Aug-2006,SunChem,12,16,115200,122880,0.010928,0.013660
9/1/2006,1-Sep-2006,SunChem,13,17,124800,130560,0.011712,0.014640
9/2/2006,2-Sep-2006,SunChem,12,15,115200,115200,0.010544,0.013180
9/3/2006,3-Sep-2006,SunChem,13,15,124800,115200,0.010932,0.013665
9/4/2006,4-Sep-2006,SunChem,14,16,134400,122880,0.011707,0.014633
9/5/2006,5-Sep-2006,SunChem,12,16,115200,122880,0.010926,0.013657
9/6/2006,6-Sep-2006,SunChem,13,15,124800,115200,0.010925,0.013656
9/7/2006,7-Sep-2006,SunChem,13,15,124800,115200,0.010928,0.013660
9/8/2006,8-Sep-2006,SunChem,12,17,115200,130560,0.011324,0.014156
9/9/2006,9-Sep-2006,SunChem,14,15,134400,115200,0.011320,0.014150
9/10/2006,10-Sep-2006,SunChem,14,14,134400,107520,0.010928,0.013660
9/11/2006,11-Sep-2006,SunChem,14,13,134400,99840,0.010544,0.013180
9/12/2006,12-Sep-2006,SunChem,13,16,124800,122880,0.011317,0.014146
9/13/2006,13-Sep-2006,SunChem,13,13,124800,99840,0.010150,0.012687
9/14/2006,14-Sep-2006,SunChem,13,15,124800,115200,0.010932,0.013665
9/15/2006,15-Sep-2006,SunChem,13,14,124800,107520,0.010535,0.013168
9/16/2006,16-Sep-2006,SunChem,12,17,115200,130560,0.011325,0.014156
9/17/2006,17-Sep-2006,SunChem,12,13,115200,99840,0.009758,0.012197
9/18/2006,18-Sep-2006,SunChem,14,16,134400,122880,0.011710,0.014638
9/19/2006,19-Sep-2006,SunChem,13,14,124800,107520,0.010537,0.013171
9/20/2006,20-Sep-2006,SunChem,13,15,124800,115200,0.010934,0.013667
9/21/2006,21-Sep-2006,SunChem,12,14,115200,107520,0.010153,0.012692
9/22/2006,22-Sep-2006,SunChem,14,17,134400,130560,0.012106,0.015133
9/23/2006,23-Sep-2006,SunChem,13,15,124800,115200,0.010925,0.013656
9/24/2006,24-Sep-2006,SunChem,12,17,115200,130560,0.011323,0.014153
9/25/2006,25-Sep-2006,SunChem,12,15,115200,115200,0.010533,0.013167
9/26/2006,26-Sep-2006,SunChem,14,14,134400,107520,0.010924,0.013654
9/27/2006,27-Sep-2006,SunChem,12,13,115200,99840,0.009756,0.012195
9/28/2006,28-Sep-2006,SunChem,12,16,115200,122880,0.010933,0.013666
9/29/2006,29-Sep-2006,SunChem,14,16,134400,122880,0.011715,0.014644
9/30/2006,30-Sep-2006,SunChem,12,15,115200,115200,0.010539,0.013174
10/1/2006,1-Oct-2006,SunChem,14,16,134400,122880,0.011715,0.014644
10/2/2006,2-Oct-2006,SunChem,13,17,124800,130560,0.011716,0.014645
10/3/2006,3-Oct-2006,SunChem,13,15,124800,115200,0.010932,0.013665
10/4/2006,4-Oct-2006,SunChem,12,16,115200,122880,0.010929,0.013661
10/5/2006,5-Oct-2006,SunChem,12,15,115200,115200,0.010543,0.013178
10/6/2006,6-Oct-2006,SunChem,13,17,124800,130560,0.011714,0.014642
10/7/2006,7-Oct-2006,SunChem,14,13,134400,99840,0.010538,0.013173
10/8/2006,8-Oct-2006,SunChem,14,13,134400,99840,0.010540,0.013175
10/9/2006,9-Oct-2006,SunChem,12,16,115200,122880,0.010935,0.013669
10/10/2006,10-Oct-2006,SunChem,14,16,134400,122880,0.011712,0.014640
10/11/2006,11-Oct-2006,SunChem,14,14,134400,107520,0.010928,0.013660
10/12/2006,12-Oct-2006,SunChem,12,16,115200,122880,0.010932,0.013665
10/13/2006,13-Oct-2006,SunChem,14,16,134400,122880,0.011714,0.014642
10/14/2006,14-Oct-2006,SunChem,13,13,124800,99840,0.010153,0.012691
10/15/2006,15-Oct-2006,SunChem,14,15,134400,115200,0.011320,0.014151
10/16/2006,16-Oct-2006,SunChem,14,15,134400,115200,0.011324,0.014155
10/17/2006,17-Oct-2006,SunChem,13,16,124800,122880,0.011320,0.014150
10/18/2006,18-Oct-2006,SunChem,13,16,124800,122880,0.011318,0.014148
10/19/2006,19-Oct-2006,SunChem,13,16,124800,122880,0.011322,0.014153
10/20/2006,20-Oct-2006,SunChem,14,16,134400,122880,0.011703,0.014629
10/21/2006,21-Oct-2006,SunChem,13,13,124800,99840,0.010152,0.012690
10/22/2006,22-Oct-2006,SunChem,12,14,115200,107520,0.010153,0.012691
10/23/2006,23-Oct-2006,SunChem,13,17,124800,130560,0.011715,0.014644
10/24/2006,24-Oct-2006,SunChem,13,14,124800,107520,0.010544,0.013181
10/25/2006,25-Oct-2006,SunChem,14,15,134400,115200,0.011318,0.014148
10/26/2006,26-Oct-2006,SunChem,12,13,115200,99840,0.009758,0.012197
10/27/2006,27-Oct-2006,SunChem,12,17,115200,130560,0.011319,0.014148
10/28/2006,28-Oct-2006,SunChem,13,13,124800,99840,0.010150,0.012687
10/29/2006,29-Oct-2006,SunChem,12,13,115200,99840,0.009756,0.012195
10/30/2006,30-Oct-2006,SunChem,14,17,134400,130560,0.012103,0.015128
10/31/2006,31-Oct-2006,SunChem,13,17,124800,130560,0.011710,0.014638
11/1/2006,1-Nov-2006,SunChem,13,13,124800,99840,0.010148,0.012685
11/2/2006,2-Nov-2006,SunChem,14,13,134400,99840,0.010541,0.013177
11/3/2006,3-Nov-2006,SunChem,13,15,124800,115200,0.010924,0.013654
11/4/2006,4-Nov-2006,SunChem,12,17,115200,130560,0.011321,0.014151
11/5/2006,5-Nov-2006,SunChem,12,13,115200,99840,0.009758,0.012198
11/6/2006,6-Nov-2006,SunChem,12,15,115200,115200,0.010533,0.013166
11/7/2006,7-Nov-2006,SunChem,12,13,115200,99840,0.009758,0.012197
11/8/2006,8-Nov-2006,SunChem,14,14,134400,107520,0.010931,0.013664
11/9/2006,9-Nov-2006,SunChem,12,13,115200,99840,0.009759,0.012199
11/10/2006,10-Nov-2006,SunChem,13,17,124800,130560,0.011706,0.014633
11/11/2006,11-Nov-2006,SunChem,12,15,115200,115200,0.010537,0.013171
11/12/2006,12-Nov-2006,SunChem,14,13,134400,99840,0.010538,0.013173
11/13/2006,13-Nov-2006,SunChem,13,17,124800,130560,0.011712,0.014640
11/14/2006,14-Nov-2006,SunChem,14,13,134400,99840,0.010545,0.013181
11/15/2006,15-Nov-2006,SunChem,12,14,115200,107520,0.010148,0.012685
11/16/2006,16-Nov-2006,SunChem,13,13,124800,99840,0.010154,0.012692
11/17/2006,17-Nov-2006,SunChem,12,17,115200,130560,0.011318,0.014148
11/18/2006,18-Nov-2006,SunChem,14,13,134400,99840,0.010543,0.013179
11/19/2006,19-Nov-2006,SunChem,12,17,115200,130560,0.011324,0.014155
11/20/2006,20-Nov-2006,SunChem,12,13,115200,99840,0.009756,0.012196
11/21/2006,21-Nov-2006,SunChem,13,17,124800,130560,0.011710,0.014637
11/22/2006,22-Nov-2006,SunChem,13,17,124800,130560,0.011715,0.014643
11/23/2006,23-Nov-2006,SunChem,13,17,124800,130560,0.011715,0.014644
11/24/2006,24-Nov-2006,SunChem,13,13,124800,99840,0.010146,0.012682
11/25/2006,25-Nov-2006,SunChem,12,17,115200,130560,0.011321,0.014151
11/26/2006,26-Nov-2006,SunChem,14,13,134400,99840,0.010541,0.013176
11/27/2006,27-Nov-2006,SunChem,13,17,124800,130560,0.011714,0.014642
11/28/2006,28-Nov-2006,SunChem,12,13,115200,99840,0.009760,0.012200
11/29/2006,29-Nov-2006,SunChem,12,13,115200,99840,0.009760,0.012199
11/30/2006,30-Nov-2006,SunChem,12,16,115200,122880,0.010926,0.013657
12/1/2006,1-Dec-2006,SunChem,13,14,124800,107520,0.010538,0.013172
12/2/2006,2-Dec-2006,SunChem,12,16,115200,122880,0.010927,0.013659
12/3/2006,3-Dec-2006,SunChem,14,15,134400,115200,0.011325,0.014156
12/4/2006,4-Dec-2006,SunChem,12,17,115200,130560,0.011317,0.014146
12/5/2006,5-Dec-2006,SunChem,12,16,115200,122880,0.010928,0.013660
12/6/2006,6-Dec-2006,SunChem,13,13,124800,99840,0.010154,0.012692
12/7/2006,7-Dec-2006,SunChem,14,14,134400,107520,0.010935,0.013669
12/8/2006,8-Dec-2006,SunChem,12,17,115200,130560,0.011323,0.014153
12/9/2006,9-Dec-2006,SunChem,12,17,115200,130560,0.011323,0.014154
12/10/2006,10-Dec-2006,SunChem,13,17,124800,130560,0.011708,0.014635
12/11/2006,11-Dec-2006,SunChem,13,17,124800,130560,0.011708,0.014635
12/12/2006,12-Dec-2006,SunChem,13,17,124800,130560,0.011714,0.014643
12/13/2006,13-Dec-2006,SunChem,14,15,134400,115200,0.011325,0.014156
12/14/2006,14-Dec-2006,SunChem,12,17,115200,130560,0.011324,0.014156
12/15/2006,15-Dec-2006,SunChem,14,16,134400,122880,0.011705,0.014631
12/16/2006,16-Dec-2006,SunChem,12,17,115200,130560,0.011321,0.014151
12/17/2006,17-Dec-2006,SunChem,14,16,134400,122880,0.011715,0.014644
12/18/2006,18-Dec-2006,SunChem,12,15,115200,115200,0.010534,0.013168
12/19/2006,19-Dec-2006,SunChem,13,13,124800,99840,0.010151,0.012689
12/20/2006,20-Dec-2006,SunChem,14,14,134400,107520,0.010931,0.013663
12/21/2006,21-Dec-2006,SunChem,14,16,134400,122880,0.011710,0.014637
12/22/2006,22-Dec-2006,SunChem,13,15,124800,115200,0.010933,0.013666
12/23/2006,23-Dec-2006,SunChem,14,17,134400,130560,0.012094,0.015118
12/24/2006,24-Dec-2006,SunChem,12,16,115200,122880,0.010932,0.013665
12/25/2006,25-Dec-2006,SunChem,14,13,134400,99840,0.010541,0.013177
12/26/2006,26-Dec-2006,SunChem,14,17,134400,130560,0.012102,0.015127
12/27/2006,27-Dec-2006,SunChem,12,15,115200,115200,0.010544,0.013180
12/28/2006,28-Dec-2006,SunChem,14,14,134400,107520,0.010924,0.013655
12/29/2006,29-Dec-2006,SunChem,14,17,134400,130560,0.012106,0.015132
12/30/2006,30-Dec-2006,SunChem,13,13,124800,99840,0.010151,0.012689
